forecast_time,track_id,ensemble_member,valid_time,lead_time,latitude,longitude,pressure,wind_speed,radius_of_maximum_winds_km,radius_34_knot_winds_ne_km,radius_34_knot_winds_se_km,radius_34_knot_winds_sw_km,radius_34_knot_winds_nw_km,radius_50_knot_winds_ne_km,radius_50_knot_winds_se_km,radius_50_knot_winds_sw_km,radius_50_knot_winds_nw_km,radius_64_knot_winds_ne_km,radius_64_knot_winds_se_km,radius_64_knot_winds_sw_km,radius_64_knot_winds_nw_km
2024-11-10 12:00:00,AL182024,0.0,2024-11-10 12:00:00,0.0,26.1,-91.9,1003.0,35.0,222.23991910466944,222.23991910466944,0.0,0.0,0.0,,,,,,,,
2024-11-10 12:00:00,AL182024,0.0,2024-11-10 18:00:00,6.0,26.43,-91.33,1007.5,30.4,79.1884536743164,12.422470092773438,6.917823314666748,0.0,4.171579360961914,0.2757729291915893,0.0483981408178806,0.346571534872055,0.3190304934978485,0.0,0.1643561869859695,0.0193694978952407,0.049380574375391
2024-11-10 12:00:00,AL182024,0.0,2024-11-11 00:00:00,12.0,26.22,-90.85,1009.0,26.2,90.31441497802734,8.228957176208496,3.773219108581543,0.0,2.150088310241699,0.1009927317500114,0.5002415180206299,0.5156276226043701,0.4633171856403351,0.0318117514252662,0.0619663596153259,0.0785669088363647,0.0181000865995883
2024-11-10 12:00:00,AL182024,0.0,2024-11-11 06:00:00,18.0,26.76,-90.57,1006.9,27.8,144.2537078857422,4.057586193084717,4.172737121582031,2.648061513900757,2.8121001720428467,0.3769707679748535,0.3356288075447082,0.2625983953475952,0.1251291334629058,0.0976601839065551,0.0353386327624321,0.0,0.0672428384423255
2024-11-10 12:00:00,AL182024,0.0,2024-11-11 12:00:00,24.0,26.99,-90.03,1005.0,28.8,157.56797790527344,0.1042533367872238,0.7124713659286499,0.3419269025325775,0.3689020574092865,0.0,0.0,0.0,0.0,0.1233841255307197,0.0049664643593132,0.0127437217161059,0.0
2024-11-10 12:00:00,AL182024,0.0,2024-11-11 18:00:00,30.0,26.51,-89.54,1006.3,28.0,70.21208190917969,1.1732546091079712,0.859715461730957,0.0,0.0,0.0,0.191126674413681,0.0323822759091854,0.0339495800435543,0.0,0.0,0.0,0.0
2024-11-10 12:00:00,AL182024,0.0,2024-11-12 00:00:00,36.0,26.16,-89.92,1008.3,25.1,69.31944274902344,3.35111141204834,0.0,0.0,3.715759754180908,0.4097275137901306,0.0,0.7857298851013184,1.411838173866272,0.3123380541801452,0.0,0.0,0.1951093524694442
2024-11-10 12:00:00,AL182024,0.0,2024-11-12 06:00:00,42.0,25.9,-90.03,1006.2,23.6,168.21969604492188,62.18864822387695,64.39962768554688,64.9892807006836,57.6726188659668,0.0,0.0,0.0,0.0,0.0891637206077575,0.0,0.0,0.0
2024-11-10 12:00:00,AL182024,1.0,2024-11-10 12:00:00,0.0,26.1,-91.9,1003.0,35.0,222.23991910466944,222.23991910466944,0.0,0.0,0.0,,,,,,,,
2024-11-10 12:00:00,AL182024,1.0,2024-11-10 18:00:00,6.0,26.61,-91.72,1008.5,25.6,86.86722564697266,3.24031925201416,0.899565577507019,0.0,0.18650783598423,0.4811435639858246,0.171451449394226,0.4928460419178009,0.4724413454532623,0.017514469102025,0.1306497305631637,0.0553009882569313,0.0659495219588279
2024-11-10 12:00:00,AL182024,1.0,2024-11-11 00:00:00,12.0,26.47,-90.75,1006.3,29.9,98.75565338134766,5.130511283874512,4.0762038230896,0.0,1.3147106170654297,0.0,0.2826972603797912,0.7118375301361084,0.0,0.0574979670345783,0.0281407963484525,0.0323035717010498,0.0035658308770507
2024-11-10 12:00:00,AL182024,1.0,2024-11-11 06:00:00,18.0,26.98,-90.23,1005.6,31.2,94.73794555664062,24.013397216796875,22.31681060791016,17.208202362060547,18.19462776184082,0.0,0.0,0.4278292059898376,0.2885797619819641,0.0024664080701768,0.0147254429757595,0.0,0.1078358888626098
2024-11-10 12:00:00,AL182024,1.0,2024-11-11 12:00:00,24.0,27.03,-90.18,1007.3,25.7,81.25565338134766,1.9080498218536377,0.0,0.0,1.4828689098358154,0.13917076587677,0.196206122636795,0.0,0.1967884600162506,0.0763599649071693,0.0090080602094531,0.0,0.0
2024-11-10 12:00:00,AL182024,1.0,2024-11-11 18:00:00,30.0,27.3,-89.32,1006.4,25.7,171.4084930419922,0.0,0.0,0.0,0.9229644536972046,0.0,0.0,0.0364732928574085,0.0,0.0,0.0197058487683534,0.0231163781136274,0.0
2024-11-10 12:00:00,AL182024,1.0,2024-11-12 00:00:00,36.0,26.5,-89.53,1007.9,25.5,134.23666381835938,1.8427504301071167,0.0,0.7107385396957397,2.3207662105560303,0.1909288167953491,0.0766349136829376,0.1827229261398315,0.1489457190036773,0.0,0.0,0.0,0.0
2024-11-10 12:00:00,AL182024,2.0,2024-11-10 12:00:00,0.0,26.1,-91.9,1003.0,35.0,222.23991910466944,222.23991910466944,0.0,0.0,0.0,,,,,,,,
2024-11-10 12:00:00,AL182024,2.0,2024-11-10 18:00:00,6.0,26.42,-91.12,1005.7,30.8,147.6034698486328,1.7157350778579712,2.1835317611694336,0.0,0.0,0.0,0.0,0.1104024946689605,0.0,0.0,0.0819499492645263,0.0,0.0380620770156383
2024-11-10 12:00:00,AL182024,2.0,2024-11-11 00:00:00,12.0,26.61,-90.68,1006.1,31.9,121.12836456298828,58.67045974731445,52.81697463989258,43.12899017333984,48.30656051635742,0.0,0.1125964298844337,0.922649085521698,0.0796346291899681,0.0,0.0,0.0225025080144405,0.0
2024-11-10 12:00:00,AL182024,2.0,2024-11-11 06:00:00,18.0,26.58,-90.89,1006.9,31.9,121.29055786132812,26.75411605834961,21.647809982299805,15.16354751586914,19.560392379760746,0.0,0.0822028815746307,0.3392217457294464,0.0,0.0923938900232315,0.0629463195800781,0.1188346669077873,0.0321994386613369
2024-11-10 12:00:00,AL182024,2.0,2024-11-11 12:00:00,24.0,26.7,-90.52,1008.9,23.9,82.90479278564453,0.0,0.8185997605323792,0.0,0.3004621863365173,0.0,0.0217332709580659,0.0743915289640426,0.0258526857942342,0.0512134879827499,0.0122939497232437,0.0,0.0
2024-11-10 12:00:00,AL182024,2.0,2024-11-11 18:00:00,30.0,26.43,-89.6,1012.2,18.8,109.0402603149414,0.0,0.757512092590332,0.0,0.0,0.0,0.2410392165184021,0.2702288329601288,0.0,0.0,0.0257895495742559,0.0907222628593444,0.0
2024-11-10 12:00:00,AL182024,2.0,2024-11-12 00:00:00,36.0,25.9,-90.04,1006.9,20.9,187.519287109375,0.0,0.0,1.5328494310379028,0.0,0.0,0.0,0.0864662155508995,0.0,0.1795083284378051,0.0,0.021156158298254,0.0838430821895599
2024-11-10 12:00:00,AL182024,3.0,2024-11-10 12:00:00,0.0,26.1,-91.9,1003.0,35.0,222.23991910466944,222.23991910466944,0.0,0.0,0.0,,,,,,,,
2024-11-10 12:00:00,AL182024,3.0,2024-11-10 18:00:00,6.0,26.78,-91.48,1003.9,33.5,150.6864471435547,2.691309690475464,2.252469539642334,0.0,0.0,0.0,0.0,0.2577448487281799,0.1227256953716278,0.0,0.1256718188524246,0.0,0.011374220252037
2024-11-10 12:00:00,AL182024,3.0,2024-11-11 00:00:00,12.0,26.71,-90.57,1007.4,28.3,73.19104766845703,5.521950721740723,2.6397838592529297,0.0,0.2513804137706756,0.0,0.2288252264261245,0.2871922552585602,0.2549988031387329,0.0052362428978085,0.0,0.0039130477234721,0.0
2024-11-10 12:00:00,AL182024,3.0,2024-11-11 06:00:00,18.0,26.47,-90.65,1008.0,28.2,84.64775085449219,57.22304916381836,53.3668212890625,46.18712615966797,46.43213272094727,0.0,0.0,0.0,0.0213065184652805,0.0,0.0355403907597065,0.0454709604382514,0.0
2024-11-10 12:00:00,AL182024,3.0,2024-11-11 12:00:00,24.0,26.23,-90.2,1007.7,26.7,114.49539184570312,1.1900439262390137,2.1793971061706543,1.5782252550125122,1.4277647733688354,0.3427144587039947,0.1686863601207733,0.4238357543945312,0.1042883247137069,0.0187712367624044,0.0,0.0272178314626216,0.0
2024-11-10 12:00:00,AL182024,3.0,2024-11-11 18:00:00,30.0,26.13,-89.89,1007.9,25.8,80.47750091552734,0.1640747040510177,0.4569604992866516,0.8027189373970032,1.2456278800964355,0.024925522506237,0.3606144785881042,0.3043597340583801,0.4481778442859649,0.0425434671342372,0.0,0.0295289196074008,0.0163336507976055
2024-11-10 12:00:00,AL182024,3.0,2024-11-12 00:00:00,36.0,25.53,-89.61,1008.2,22.5,114.4004364013672,0.1451823562383651,1.2361692190170288,0.7213518023490906,1.184540629386902,0.0,0.3587024211883545,0.4166394472122192,0.4029547274112701,0.0389065518975257,0.0,0.0,0.1131534948945045
2024-11-10 12:00:00,AL182024,3.0,2024-11-12 06:00:00,42.0,25.4,-90.16,1010.4,21.3,99.36759185791016,0.0,1.062881350517273,0.0,0.0,0.1992319226264953,0.3942573964595794,0.2559368312358856,0.1730202883481979,0.1135955676436424,0.0349493958055973,0.0424526780843734,0.1896867603063583
2024-11-10 12:00:00,AL182024,3.0,2024-11-12 12:00:00,48.0,24.98,-90.29,1010.5,19.6,99.79045867919922,0.1274229139089584,1.355204939842224,0.0,0.0,0.3052841126918793,0.4806796908378601,0.3571800589561462,0.1708792746067047,0.1219970509409904,0.0840531215071678,0.0776211097836494,0.1294366270303726
2024-11-10 12:00:00,AL182024,4.0,2024-11-10 12:00:00,0.0,26.1,-91.9,1003.0,35.0,222.23991910466944,222.23991910466944,0.0,0.0,0.0,,,,,,,,
2024-11-10 12:00:00,AL182024,4.0,2024-11-10 18:00:00,6.0,26.72,-91.43,1006.3,31.2,69.26749420166016,7.87935733795166,5.63616943359375,0.0,2.141568899154663,0.2198634445667266,0.1895593553781509,0.1523501873016357,0.0652238950133323,0.0779999271035194,0.1037302911281585,0.079881802201271,0.0575945600867271
2024-11-10 12:00:00,AL182024,4.0,2024-11-11 00:00:00,12.0,26.54,-91.12,1006.1,32.1,44.78014755249024,3.9193153381347656,2.4264042377471924,0.0,0.7128205895423889,0.0,0.463300347328186,0.0217156745493412,0.0,0.0,0.0,0.0,0.0
2024-11-10 12:00:00,AL182024,4.0,2024-11-11 06:00:00,18.0,26.55,-90.75,1005.6,31.9,105.04270935058594,20.48906707763672,19.29756736755371,17.58432960510254,17.116029739379883,0.0,0.0,0.3895340263843536,0.110643096268177,0.0266437046229839,0.0,0.0135152833536267,0.1211624071002006
2024-11-10 12:00:00,AL182024,4.0,2024-11-11 12:00:00,24.0,26.65,-90.56,1006.3,23.1,167.43260192871094,0.0,0.0,0.0,0.0,0.0,0.0,0.0,0.0,0.0066399690695106,0.0,0.0,0.0
2024-11-10 12:00:00,AL182024,4.0,2024-11-11 18:00:00,30.0,25.84,-89.96,1008.7,24.1,85.53592681884766,0.0,2.0254225730896,0.0,0.8728567957878113,0.0,0.1096784323453903,0.0,0.0622371658682823,0.0,0.0,0.0,0.021116891875863
2024-11-10 12:00:00,AL182024,4.0,2024-11-12 00:00:00,36.0,25.46,-89.91,1006.1,26.8,42.3008918762207,1.5707401037216189,1.7341796159744265,0.0,0.595480740070343,0.0,0.4439029395580292,0.2734840512275696,0.1449710726737976,0.0,0.0,0.0,0.0
2024-11-10 12:00:00,AL182024,4.0,2024-11-12 06:00:00,42.0,25.29,-89.93,1011.6,20.0,114.38965606689452,0.0,2.0513830184936523,0.0,0.0,0.0,0.3945634365081787,0.1655967235565185,0.1536251604557037,0.0418902114033699,0.0464510731399059,0.0240327157080173,0.1374763399362564
2024-11-10 12:00:00,AL182024,4.0,2024-11-12 12:00:00,48.0,25.36,-90.33,1007.6,23.8,76.91495513916016,0.9979984164237976,2.447607517242432,0.0,0.0,0.3057593107223511,0.5810555815696716,0.5124350190162659,0.434797078371048,0.0,0.0,0.0,0.0
2024-11-10 12:00:00,AL182024,5.0,2024-11-10 12:00:00,0.0,26.1,-91.9,1003.0,35.0,222.23991910466944,222.23991910466944,0.0,0.0,0.0,,,,,,,,
2024-11-10 12:00:00,AL182024,5.0,2024-11-10 18:00:00,6.0,26.57,-91.24,1004.9,31.4,128.51806640625,1.989874005317688,1.327657699584961,0.0,0.0,0.0,0.0,0.2626296579837799,0.0,0.0,0.0,0.0,0.0
2024-11-10 12:00:00,AL182024,5.0,2024-11-11 00:00:00,12.0,26.65,-90.74,1005.9,30.8,93.12887573242188,5.121811389923096,2.7872836589813232,0.0,0.7624378204345703,0.0,0.0616234540939331,0.6252788305282593,0.0,0.0,0.0,0.0,0.0
2024-11-10 12:00:00,AL182024,6.0,2024-11-10 12:00:00,0.0,26.1,-91.9,1003.0,35.0,222.23991910466944,222.23991910466944,0.0,0.0,0.0,,,,,,,,
2024-11-10 12:00:00,AL182024,6.0,2024-11-10 18:00:00,6.0,26.51,-91.24,1005.1,34.1,112.15943145751952,21.04697036743164,17.517501831054688,7.10013484954834,12.35114574432373,0.0,0.0,0.0786307081580162,0.0,0.0,0.0808199718594551,0.0,0.0502722412347793
2024-11-10 12:00:00,AL182024,6.0,2024-11-11 00:00:00,12.0,26.48,-90.78,1006.2,29.8,59.9395751953125,6.56847095489502,4.390359878540039,0.0,1.3151960372924805,0.0,0.0,0.1392346024513244,0.0,0.0,0.0,0.0,0.0
2024-11-10 12:00:00,AL182024,6.0,2024-11-11 06:00:00,18.0,27.11,-90.52,1007.3,28.3,94.40531158447266,66.403564453125,62.876121520996094,56.96460723876953,55.36280059814453,0.0,0.0304069686681032,0.0,0.0140320071950554,0.0,0.0066538266837596,0.0,0.0
2024-11-10 12:00:00,AL182024,6.0,2024-11-11 12:00:00,24.0,26.99,-90.65,1006.2,28.4,73.57933807373047,0.8248934745788574,1.584292769432068,0.0,0.9345117211341858,0.0589897073805332,0.2791050672531128,0.0,0.21517875790596,0.0,0.0,0.0,0.0
2024-11-10 12:00:00,AL182024,6.0,2024-11-11 18:00:00,30.0,26.86,-90.07,1006.6,28.5,67.0796127319336,4.555199146270752,2.490436315536499,0.0914632827043533,1.8354997634887693,0.0,0.2338850200176239,0.0,0.0,0.0,0.0,0.0076502487063407,0.0
2024-11-10 12:00:00,AL182024,6.0,2024-11-12 00:00:00,36.0,26.17,-89.98,1008.3,24.1,75.9856185913086,0.0,0.0,0.0,0.0,0.1048822104930877,0.3105207681655884,0.0767877548933029,0.1331490129232406,0.0,0.0007458975887857,0.0,0.0
2024-11-10 12:00:00,AL182024,6.0,2024-11-12 06:00:00,42.0,25.94,-90.08,1009.1,24.4,117.3310546875,0.0,0.0,0.0,0.0,0.0315487682819366,0.0,0.1487740874290466,0.2468054890632629,0.1869038641452789,0.0,0.0,0.1237018406391143
2024-11-10 12:00:00,AL182024,6.0,2024-11-12 12:00:00,48.0,25.8,-90.44,1008.9,24.1,127.97444915771484,0.8430588245391846,0.0,0.0,0.0,0.1103236898779869,0.0376087389886379,0.2011989504098892,0.0,0.0,0.0,0.0,0.0
2024-11-10 12:00:00,AL182024,6.0,2024-11-12 18:00:00,54.0,26.19,-91.31,1007.9,24.9,83.45806884765625,2.1828689575195312,1.103885531425476,0.0566314980387687,2.363348960876465,0.0588446222245693,0.0980781689286232,0.3313390910625458,0.4670068025588989,0.172552689909935,0.0,0.0653400048613548,0.0941858515143394
2024-11-10 12:00:00,AL182024,6.0,2024-11-13 00:00:00,60.0,26.48,-91.79,1007.5,26.8,68.89579010009766,1.617689609527588,0.173962265253067,0.0,0.8652492761611938,0.0,0.1895662695169448,0.2389429360628128,0.1183554604649543,0.0,0.0,0.0,0.0
2024-11-10 12:00:00,AL182024,6.0,2024-11-13 06:00:00,66.0,27.58,-92.94,1007.0,27.7,130.23095703125,40.00992202758789,37.34905624389648,37.23772811889648,36.4385986328125,0.1739019006490707,0.0,0.0783316493034362,0.0798238590359687,0.1329465806484222,0.0,0.0,0.1578444093465805
2024-11-10 12:00:00,AL182024,7.0,2024-11-10 12:00:00,0.0,26.1,-91.9,1003.0,35.0,222.23991910466944,222.23991910466944,0.0,0.0,0.0,,,,,,,,
2024-11-10 12:00:00,AL182024,7.0,2024-11-10 18:00:00,6.0,26.36,-91.03,1006.0,33.1,69.7531509399414,16.45331573486328,12.456485748291016,4.00216817855835,7.575006008148193,0.2504731714725494,0.1859674006700515,0.1243835315108299,0.1748451590538025,0.0730280503630638,0.0977090895175933,0.036375992000103,0.0690436214208602
2024-11-10 12:00:00,AL182024,7.0,2024-11-11 00:00:00,12.0,26.16,-90.76,1005.4,35.6,60.84348678588867,22.987911224365234,14.470324516296388,0.8428946733474731,11.442193031311035,0.097723938524723,0.2267753928899765,0.0,0.0770562067627906,0.0,0.0530404858291149,0.0163238123059272,0.0
2024-11-10 12:00:00,AL182024,7.0,2024-11-11 06:00:00,18.0,26.18,-90.79,1007.0,28.3,84.6878433227539,52.918113708496094,53.56581497192383,52.21818542480469,47.608177185058594,0.0,0.2332409769296646,0.0,0.1510360389947891,0.0,0.0,0.0,0.0
2024-11-10 12:00:00,AL182024,7.0,2024-11-11 12:00:00,24.0,25.53,-90.46,1007.4,29.7,116.86428833007812,6.9503560066223145,4.443667411804199,0.7042846083641052,4.297590255737305,0.1721882373094558,0.1067021787166595,0.283860832452774,0.1226293593645095,0.0433928072452545,0.0,0.0014523447025567,0.0
2024-11-10 12:00:00,AL182024,7.0,2024-11-11 18:00:00,30.0,25.07,-90.37,1007.7,26.0,67.1273193359375,0.6755450367927551,1.83437979221344,1.0514551401138306,1.3854912519454956,0.0,0.1228202804923057,0.0,0.083041064441204,0.0,0.0027806509751826,0.0074318493716418,0.0
2024-11-10 12:00:00,AL182024,7.0,2024-11-12 00:00:00,36.0,24.44,-90.1,1012.1,18.9,90.56072235107422,0.0,0.1324321031570434,0.0,0.0,0.0,0.3253872692584991,0.3087241649627685,0.2005909085273742,0.0276992954313755,0.0719309747219085,0.0325307138264179,0.1219611689448356
2024-11-10 12:00:00,AL182024,7.0,2024-11-12 06:00:00,42.0,24.26,-90.73,1009.4,24.2,110.10845184326172,0.0,0.3839925825595855,0.0,0.0,0.3322082757949829,0.0827044919133186,0.1710312217473983,0.4030102789402008,0.0740126296877861,0.0,0.0,0.1458884477615356
2024-11-10 12:00:00,AL182024,7.0,2024-11-12 12:00:00,48.0,24.06,-91.27,1008.2,23.1,69.33672332763672,3.1500277519226074,0.9083036184310912,0.0,0.9782397747039796,0.0306187868118286,0.063482791185379,0.0275328271090984,0.0910421535372734,0.0,0.0,0.0,0.0040426300838589
2024-11-10 12:00:00,AL182024,7.0,2024-11-12 18:00:00,54.0,23.66,-91.67,1008.9,22.8,121.6468276977539,0.0,0.0,0.0,0.0,0.3756901025772095,0.0,0.084847554564476,0.0472604855895042,0.0,0.0,0.0,0.0545570701360702
2024-11-10 12:00:00,AL182024,7.0,2024-11-13 00:00:00,60.0,23.86,-92.1,1006.3,26.4,62.38982391357422,3.410355567932129,2.326823472976685,0.3099526464939117,3.854917526245117,0.0,0.2095984071493148,0.3311784863471985,0.3747352361679077,0.0606951639056205,0.0,0.0153493164107203,0.1168804764747619
2024-11-10 12:00:00,AL182024,7.0,2024-11-13 06:00:00,66.0,24.39,-93.03,1007.0,26.6,65.00756072998047,16.751466751098633,10.98799991607666,7.473590850830078,11.457350730895996,0.0,0.1782791018486023,0.0,0.0,0.0816291719675064,0.0,0.002293148310855,0.0792151615023613
2024-11-10 12:00:00,AL182024,7.0,2024-11-13 12:00:00,72.0,25.5,-93.81,1006.2,30.6,78.51299285888672,2.634593963623047,0.0,0.0,0.0,0.0137114748358726,0.0,0.0,0.0,0.0,0.0,0.0,0.1373093128204345
2024-11-10 12:00:00,AL182024,8.0,2024-11-10 12:00:00,0.0,26.1,-91.9,1003.0,35.0,222.23991910466944,222.23991910466944,0.0,0.0,0.0,,,,,,,,
2024-11-10 12:00:00,AL182024,8.0,2024-11-10 18:00:00,6.0,26.57,-91.04,1004.8,34.9,59.84212493896485,18.95223045349121,13.596912384033203,1.6316909790039062,8.142217636108398,0.1913733035326004,0.0,0.0,0.0,0.0926082953810691,0.1082390770316124,0.0193402301520109,0.088075652718544
2024-11-10 12:00:00,AL182024,8.0,2024-11-11 00:00:00,12.0,26.51,-90.57,1006.6,30.4,61.55144119262695,8.561958312988281,4.528305530548096,0.0,1.820172667503357,0.0,0.2795780003070831,0.1942478269338607,0.0,0.0,0.0,0.0,0.0
2024-11-10 12:00:00,AL182024,8.0,2024-11-11 06:00:00,18.0,26.47,-90.55,1007.7,28.9,117.24756622314452,12.943547248840332,10.21493148803711,6.022421360015869,8.436930656433105,0.2381317466497421,0.2920957207679748,0.2940766215324402,0.028512155637145,0.0,0.0,0.0,0.0
2024-11-10 12:00:00,AL182024,8.0,2024-11-11 12:00:00,24.0,26.3,-90.48,1009.4,24.2,98.44986724853516,2.641743898391724,1.7481061220169067,0.0,2.578408718109131,0.2603503465652466,0.0,0.0,0.331500768661499,0.1325987130403518,0.0,0.0136116445064544,0.1499112099409103
2024-11-10 12:00:00,AL182024,8.0,2024-11-11 18:00:00,30.0,26.14,-90.07,1008.8,23.6,86.25341796875,0.271645039319992,0.399486243724823,0.0,0.0,0.0,0.0650463998317718,0.0,0.0,0.0,0.0,0.0,0.0
2024-11-10 12:00:00,AL182024,8.0,2024-11-12 00:00:00,36.0,25.4,-90.28,1008.3,25.0,131.05238342285156,2.07132339477539,0.0,0.8225095868110657,3.341162919998169,0.3083334267139435,0.4525061547756195,0.4934707880020141,0.2370786517858505,0.0987550467252731,0.0,0.0,0.1071556657552719
2024-11-10 12:00:00,AL182024,8.0,2024-11-12 06:00:00,42.0,25.17,-90.25,1007.6,24.5,66.81157684326172,0.0,2.835599422454834,0.6604495048522949,0.0,0.0,0.0112018259242177,0.0,0.1904805600643158,0.0856374204158783,0.0,0.0,0.0119639933109283
2024-11-10 12:00:00,AL182024,8.0,2024-11-12 12:00:00,48.0,25.12,-90.94,1011.2,21.8,104.12156677246094,0.0,0.0,0.0,0.0,0.205078050494194,0.226487934589386,0.2183138579130172,0.5388840436935425,0.0436141267418861,0.0868139043450355,0.0378017611801624,0.1308676749467849
2024-11-10 12:00:00,AL182024,9.0,2024-11-10 12:00:00,0.0,26.1,-91.9,1003.0,35.0,222.23991910466944,222.23991910466944,0.0,0.0,0.0,,,,,,,,
2024-11-10 12:00:00,AL182024,9.0,2024-11-10 18:00:00,6.0,26.8,-91.41,1008.1,29.0,82.59886932373047,10.96862506866455,5.604057788848877,0.0,3.447157144546509,0.5120529532432556,0.2674444615840912,0.3585347533226013,0.270605981349945,0.1518704742193222,0.1770887970924377,0.086268164217472,0.0882949531078338
2024-11-10 12:00:00,AL182024,9.0,2024-11-11 00:00:00,12.0,26.87,-91.02,1005.1,33.3,103.09556579589844,16.614734649658203,14.014134407043455,8.175350189208984,12.618120193481444,0.0,0.1247079670429229,0.7246525287628174,0.0,0.0329633392393589,0.0,0.0912555828690528,0.0120895439758896
2024-11-10 12:00:00,AL182024,9.0,2024-11-11 06:00:00,18.0,26.88,-90.69,1006.8,29.1,53.22916030883789,3.328714609146118,1.4887094497680664,0.0,0.0,0.0,0.0506306625902652,0.0,0.0,0.0190890617668628,0.0197036024183034,0.0,0.0
2024-11-10 12:00:00,AL182024,9.0,2024-11-11 12:00:00,24.0,26.51,-90.19,1005.1,28.1,63.78131484985352,1.3804742097854614,2.333698034286499,0.2330243289470672,1.5454773902893066,0.0,0.0,0.0,0.0,0.0,0.0,0.0,0.0
2024-11-10 12:00:00,AL182024,9.0,2024-11-11 18:00:00,30.0,26.66,-89.76,1004.9,28.8,62.49369812011719,0.6645973920822144,3.3676719665527344,1.1551001071929932,2.3992409706115723,0.0,0.0,0.0,0.0,0.0,0.0,0.0,0.0
2024-11-10 12:00:00,AL182024,9.0,2024-11-12 00:00:00,36.0,26.02,-89.66,1006.1,28.3,110.75189971923828,3.96551775932312,1.5341631174087524,0.3454040884971618,2.9535558223724365,0.2359843701124191,0.3059666752815246,0.2832954525947571,0.3888874650001526,0.1269489228725433,0.0,0.0,0.1270542293787002
2024-11-10 12:00:00,AL182024,9.0,2024-11-12 06:00:00,42.0,25.82,-89.64,1008.3,23.8,95.03759765625,6.326307773590088,7.556491851806641,6.305614948272705,4.604988098144531,0.044914998114109,0.2921119928359985,0.2778575718402862,0.2670083343982696,0.0821643844246864,0.0,0.0136233838275074,0.1409965008497238
2024-11-10 12:00:00,AL182024,9.0,2024-11-12 12:00:00,48.0,25.73,-89.97,1008.8,21.5,88.45297241210938,0.0,0.9577234983444214,0.0,0.0,0.1307658404111862,0.1531015783548355,0.3549627065658569,0.1556390076875686,0.0497979149222373,0.0,0.0,0.0
2024-11-10 12:00:00,AL182024,9.0,2024-11-12 18:00:00,54.0,25.91,-90.41,1006.2,25.1,128.31463623046875,0.0,0.0,1.5475653409957886,0.0,0.0,0.0,0.3655036389827728,0.1890419125556945,0.0416708402335643,0.0,0.0,0.0211877319961786
2024-11-10 12:00:00,AL182024,9.0,2024-11-13 00:00:00,60.0,26.61,-91.43,1009.1,24.7,91.51527404785156,0.0,0.2665482759475708,0.0,0.0,0.0,0.1954133361577987,0.4705128669738769,0.3362819254398346,0.0,0.0,0.0,0.0416695326566696
2024-11-10 12:00:00,AL182024,9.0,2024-11-13 06:00:00,66.0,26.7,-92.31,1007.4,24.5,125.2090835571289,46.13587188720703,45.474456787109375,43.479976654052734,40.96039962768555,0.315956175327301,0.1054488569498062,0.1514892429113388,0.0,0.0004126585263293,0.0,0.0,0.0893710330128669
2024-11-10 12:00:00,AL182024,9.0,2024-11-13 12:00:00,72.0,28.7,-93.53,1006.5,31.3,75.78510284423828,10.661264419555664,3.983304977416992,0.0,5.586790561676025,0.636721134185791,0.0822096690535545,0.0,0.0015136355068534,0.2119688093662262,0.0659032836556434,0.0533334389328956,0.1534053087234497
2024-11-10 12:00:00,AL182024,9.0,2024-11-13 18:00:00,78.0,30.74,-93.42,1006.0,31.5,154.64122009277344,6.327237606048584,6.151822090148926,0.6552702784538269,0.0,0.0,0.0,0.3256751000881195,0.0,0.0393281877040863,0.0075590284541249,0.1128882393240928,0.1300443112850189
2024-11-10 12:00:00,AL182024,10.0,2024-11-10 12:00:00,0.0,26.1,-91.9,1003.0,35.0,222.23991910466944,222.23991910466944,0.0,0.0,0.0,,,,,,,,
2024-11-10 12:00:00,AL182024,10.0,2024-11-10 18:00:00,6.0,26.71,-91.07,1004.5,35.0,56.44413375854492,11.130108833312988,7.701188564300537,0.0,2.6775777339935303,0.2384877502918243,0.1111305952072143,0.0292633473873138,0.1263149827718734,0.0971523970365524,0.0936011895537376,0.0,0.0355255454778671
2024-11-10 12:00:00,AL182024,10.0,2024-11-11 00:00:00,12.0,26.76,-90.89,1005.7,29.5,123.97588348388672,4.2981061935424805,2.5476906299591064,0.2024748176336288,2.0123050212860107,0.0,0.1205139458179473,0.4716368019580841,0.0,0.0,0.0204996727406978,0.0,0.0
2024-11-10 12:00:00,AL182024,10.0,2024-11-11 06:00:00,18.0,27.04,-89.97,1005.6,32.4,171.27044677734375,108.8359375,107.55318450927734,101.96807861328124,95.46920013427734,0.0,0.0,0.3726182878017425,0.0,0.0718843415379524,0.0284569226205348,0.1464453041553497,0.0
2024-11-10 12:00:00,AL182024,10.0,2024-11-11 12:00:00,24.0,26.87,-89.76,1005.3,30.9,51.32634353637695,4.104323387145996,2.749636650085449,0.0,1.5648627281188965,0.0,0.1873882412910461,0.0,0.0,0.0,0.0,0.0,0.0
2024-11-10 12:00:00,AL182024,10.0,2024-11-11 18:00:00,30.0,26.42,-89.39,1006.9,27.4,127.710693359375,7.756617546081543,5.784206867218018,2.2666144371032715,6.531178951263428,0.2179795950651168,0.3014632761478424,0.4770073294639587,0.0,0.0653278976678848,0.0,0.0580237992107868,0.0
2024-11-10 12:00:00,AL182024,11.0,2024-11-10 12:00:00,0.0,26.1,-91.9,1003.0,35.0,222.23991910466944,222.23991910466944,0.0,0.0,0.0,,,,,,,,
2024-11-10 12:00:00,AL182024,11.0,2024-11-10 18:00:00,6.0,26.53,-91.13,1005.2,30.9,114.6637191772461,4.704678535461426,3.359044075012207,0.0,0.6931005120277405,0.0,0.0,0.2920222580432892,0.0,0.0,0.0,0.0,0.0
2024-11-10 12:00:00,AL182024,11.0,2024-11-11 00:00:00,12.0,26.34,-90.87,1009.5,22.5,85.71640014648438,0.8411333560943604,0.3291015923023224,0.0,0.0,0.0,0.2695630192756653,0.235734611749649,0.1688171029090881,0.0,0.0016780674923211,0.0131141608580946,0.0
2024-11-10 12:00:00,AL182024,11.0,2024-11-11 06:00:00,18.0,25.66,-90.81,1008.8,27.0,78.93952178955078,39.71795654296875,39.36945343017578,35.62413024902344,31.452129364013672,0.0,0.3388300538063049,0.0277891512960195,0.0,0.0,0.0383503437042236,0.0374865010380744,0.0
2024-11-10 12:00:00,AL182024,11.0,2024-11-11 12:00:00,24.0,25.2,-90.76,1010.1,22.8,93.64332580566406,0.0,0.3116043508052826,0.0,0.0,0.2987104952335357,0.2231363505125045,0.2104305326938629,0.4109355807304382,0.0,0.1354900896549224,0.0356925316154956,0.059014867991209
2024-11-10 12:00:00,AL182024,11.0,2024-11-11 18:00:00,30.0,24.34,-90.07,1009.0,24.2,81.33287811279297,2.412925243377685,2.742933750152588,0.8189404606819153,0.9044977426528932,0.0640312358736991,0.2396164238452911,0.1250024735927581,0.2981072068214416,0.0419405326247215,0.056250050663948,0.0022594155743718,0.066451609134674
2024-11-10 12:00:00,AL182024,11.0,2024-11-12 00:00:00,36.0,24.49,-90.27,1008.1,25.0,102.12335205078124,2.184459686279297,2.313593864440918,1.5591500997543335,2.126340866088867,0.0851507186889648,0.3119455873966217,0.464835375547409,0.1077036708593368,0.0492821745574474,0.0064885797910392,0.0,0.0113342721015214
2024-11-10 12:00:00,AL182024,11.0,2024-11-12 06:00:00,42.0,23.81,-90.55,1008.5,22.9,65.79914093017578,7.580178260803223,6.720046520233154,3.667452812194824,4.552984714508057,0.0621862225234508,0.2625174820423126,0.0,0.3151592016220093,0.0303020328283309,0.0,0.0,0.1216151267290115
2024-11-10 12:00:00,AL182024,12.0,2024-11-10 12:00:00,0.0,26.1,-91.9,1003.0,35.0,222.23991910466944,222.23991910466944,0.0,0.0,0.0,,,,,,,,
2024-11-10 12:00:00,AL182024,12.0,2024-11-10 18:00:00,6.0,26.64,-91.34,1005.6,32.2,67.39494323730469,34.19545364379883,30.09674072265625,22.454694747924805,24.539888381958008,0.0,0.3262982666492462,0.2466500699520111,0.2040027529001236,0.0586220473051071,0.0858724489808082,0.0168954357504844,0.0652487501502037
2024-11-10 12:00:00,AL182024,12.0,2024-11-11 00:00:00,12.0,26.9,-90.74,1004.5,37.0,99.64396667480467,130.6125030517578,118.02416229248048,85.7472915649414,110.11705017089844,3.9006600379943848,3.636838674545288,3.544703245162964,3.799218654632568,0.0,0.0,0.0,0.0569129697978496
2024-11-10 12:00:00,AL182024,12.0,2024-11-11 06:00:00,18.0,26.82,-90.44,1006.6,26.2,82.71026611328125,10.484299659729004,11.651848793029783,10.043706893920898,7.781418800354004,0.0,0.0062366933561861,0.0,0.0,0.0,0.0078112608753144,0.0,0.0
2024-11-10 12:00:00,AL182024,12.0,2024-11-11 12:00:00,24.0,26.42,-90.48,1006.6,30.3,101.07344818115234,3.1015095710754395,2.240398406982422,0.7537986636161804,2.280583620071411,0.2316254079341888,0.0,0.3012193143367767,0.4410359263420105,0.06193058937788,0.0,0.0,0.0
2024-11-10 12:00:00,AL182024,12.0,2024-11-11 18:00:00,30.0,25.94,-90.12,1009.6,22.6,100.74622344970705,0.0,0.0,0.0368587337434291,0.7878082990646362,0.0,0.1724972575902938,0.1633225381374359,0.2951768338680267,0.0352437160909175,0.0574135147035121,0.0464201420545578,0.0808305367827415
2024-11-10 12:00:00,AL182024,12.0,2024-11-12 00:00:00,36.0,25.49,-90.12,1008.7,21.9,85.33137512207031,1.4617151021957395,0.1728685349225998,0.0297671984881162,1.3907126188278198,0.0024470253847539,0.3650645017623901,0.4040213823318481,0.3395818173885345,0.0,0.0018197847530245,0.023744536563754,0.0701415762305259
2024-11-10 12:00:00,AL182024,12.0,2024-11-12 06:00:00,42.0,24.89,-90.09,1007.9,23.8,78.80294036865234,0.0,0.7522964477539062,0.0,0.0,0.0,0.0567453689873218,0.1125963255763053,0.2069921493530273,0.0,0.0,0.0,0.041357398033142
2024-11-10 12:00:00,AL182024,12.0,2024-11-12 12:00:00,48.0,25.06,-90.62,1009.4,22.3,85.28875732421875,3.295245885848999,2.352080583572388,0.0,1.082772135734558,0.2378217428922653,0.3849937319755554,0.2485507130622863,0.3692549765110016,0.0436820648610591,0.0816201418638229,0.0,0.0395166799426078
2024-11-10 12:00:00,AL182024,13.0,2024-11-10 12:00:00,0.0,26.1,-91.9,1003.0,35.0,222.23991910466944,222.23991910466944,0.0,0.0,0.0,,,,,,,,
2024-11-10 12:00:00,AL182024,13.0,2024-11-10 18:00:00,6.0,26.84,-91.59,1003.7,33.1,128.47030639648438,80.66226959228516,71.47798156738281,54.3763542175293,60.47368240356445,0.0,0.0568687655031681,0.0,0.3527202010154724,0.0663246884942054,0.0,0.0271151885390281,0.1030391976237297
2024-11-10 12:00:00,AL182024,13.0,2024-11-11 00:00:00,12.0,26.6,-91.03,1007.6,28.0,79.00477600097656,0.2622963190078735,0.0,0.0,3.086655616760254,0.2419456839561462,0.0,0.0,0.6784588694572449,0.0674845352768898,0.0,0.0,0.0
2024-11-10 12:00:00,AL182024,13.0,2024-11-11 06:00:00,18.0,26.77,-90.22,1009.1,33.5,92.88179779052734,0.0,0.0,0.0,0.0,0.3181641697883606,0.0,0.1045493632555008,0.0,0.0,0.0,0.0,0.0
2024-11-10 12:00:00,AL182024,13.0,2024-11-11 12:00:00,24.0,26.61,-90.45,1005.5,23.8,144.9193115234375,1.1020454168319702,0.0,0.0,1.483754277229309,0.0,0.0602501928806304,0.5421866178512573,0.0,0.0,0.0479681380093097,0.0533365420997142,0.0
2024-11-10 12:00:00,AL182024,14.0,2024-11-10 12:00:00,0.0,26.1,-91.9,1003.0,35.0,222.23991910466944,222.23991910466944,0.0,0.0,0.0,,,,,,,,
2024-11-10 12:00:00,AL182024,14.0,2024-11-10 18:00:00,6.0,26.61,-91.46,1002.0,39.3,152.18507385253906,206.01419067382807,190.657943725586,152.0547332763672,163.61094665527344,0.4427954256534576,1.865515947341919,0.3072163164615631,1.197424292564392,0.0,0.0,0.1032951846718788,0.0825797170400619
2024-11-10 12:00:00,AL182024,14.0,2024-11-11 00:00:00,12.0,26.97,-91.06,1005.1,28.9,129.62953186035156,17.819854736328125,13.83197784423828,8.643243789672852,11.327567100524902,0.0,0.0591088235378265,0.0,0.0,0.0,0.0,0.0097325732931494,0.0
2024-11-10 12:00:00,AL182024,14.0,2024-11-11 06:00:00,18.0,26.69,-90.8,1004.4,27.9,137.61288452148438,5.04613208770752,2.212893009185791,0.0099893920123577,3.352710008621216,0.0812713801860809,0.048830933868885,0.1299976855516433,0.0,0.0,0.0,0.0637701600790023,0.0
2024-11-10 12:00:00,AL182024,14.0,2024-11-11 12:00:00,24.0,27.2,-90.06,1009.4,30.3,94.90428924560548,0.0,0.0,0.0,0.3699333965778351,0.0976433753967285,0.0,0.118121363222599,0.1028077825903892,0.1703624129295349,0.0,0.0,0.0
2024-11-10 12:00:00,AL182024,15.0,2024-11-10 12:00:00,0.0,26.1,-91.9,1003.0,35.0,222.23991910466944,222.23991910466944,0.0,0.0,0.0,,,,,,,,
2024-11-10 12:00:00,AL182024,15.0,2024-11-10 18:00:00,6.0,26.33,-90.87,1005.2,32.0,74.66231536865234,4.783519744873047,6.032933712005615,0.0517707206308841,1.0267544984817505,0.0,0.0,0.0,0.0,0.1160299107432365,0.053862664848566,0.0593337938189506,0.0
2024-11-10 12:00:00,AL182024,15.0,2024-11-11 00:00:00,12.0,26.73,-90.76,1006.0,29.3,127.80914306640624,6.87246561050415,5.571540355682373,1.786167860031128,4.158321380615234,0.0,0.5233548283576965,0.0,0.0651042312383651,0.0,0.0,0.0191766638308763,0.0
2024-11-10 12:00:00,AL182024,15.0,2024-11-11 06:00:00,18.0,26.95,-90.38,1004.2,28.7,135.13169860839844,0.6468679904937744,0.0,0.0,1.0634938478469849,0.0,0.0,0.3421365916728973,0.0,0.0,0.0449828803539276,0.0466955825686454,0.0
2024-11-10 12:00:00,AL182024,15.0,2024-11-11 12:00:00,24.0,26.83,-89.88,1004.5,27.9,128.73023986816406,8.297530174255371,3.703628063201904,1.392689824104309,6.055402755737305,0.3345078229904175,0.0697578489780426,0.0631763935089111,0.1513738930225372,0.0,0.0,0.0416801944375038,0.0
2024-11-10 12:00:00,AL182024,15.0,2024-11-11 18:00:00,30.0,27.15,-89.46,1007.7,25.1,112.09525299072266,5.288584232330322,3.658328056335449,0.0,2.6198415756225586,0.0191252101212739,0.5859706997871399,0.4023336470127105,0.0410513617098331,0.0,0.0,0.0193330030888319,0.0
2024-11-10 12:00:00,AL182024,15.0,2024-11-12 00:00:00,36.0,26.46,-89.64,1006.1,24.5,115.76849365234376,3.9135048389434814,0.4592059552669525,0.0,2.8081648349761963,0.0,0.0485887564718723,0.003019040916115,0.0,0.008244302123785,0.0853402018547058,0.0,0.0
2024-11-10 12:00:00,AL182024,15.0,2024-11-12 06:00:00,42.0,27.2,-89.26,1009.8,29.2,89.85100555419922,2.5166094303131104,0.0,0.0,0.0,0.0,0.2419864386320114,0.1253890991210937,0.0,0.1349758952856063,0.1050583496689796,0.0258230734616518,0.0
2024-11-10 12:00:00,AL182024,15.0,2024-11-12 12:00:00,48.0,25.76,-89.07,1008.4,24.2,71.3851318359375,1.185595154762268,0.6571735739707947,0.0,0.7382976412773132,0.0,0.3097027540206909,0.0926482751965522,0.0,0.0032692183740437,0.1149271354079246,0.0328201167285442,0.0
2024-11-10 12:00:00,AL182024,16.0,2024-11-10 12:00:00,0.0,26.1,-91.9,1003.0,35.0,222.23991910466944,222.23991910466944,0.0,0.0,0.0,,,,,,,,
2024-11-10 12:00:00,AL182024,16.0,2024-11-10 18:00:00,6.0,26.67,-91.4,1007.7,33.9,82.53651428222656,1.7682280540466309,0.1523985266685485,0.0,0.0,0.173487976193428,0.0,0.0,0.0753489211201667,0.0258151255548,0.0,0.0,0.0218647755682468
2024-11-10 12:00:00,AL182024,16.0,2024-11-11 00:00:00,12.0,26.67,-90.68,1005.3,29.9,133.421875,2.018977165222168,0.0,0.0,0.2092641443014145,0.0,0.1042006611824035,0.0,0.0,0.0275944638997316,0.1619256436824798,0.0,0.0651874169707298
2024-11-10 12:00:00,AL182024,17.0,2024-11-10 12:00:00,0.0,26.1,-91.9,1003.0,35.0,222.23991910466944,222.23991910466944,0.0,0.0,0.0,,,,,,,,
2024-11-10 12:00:00,AL182024,17.0,2024-11-10 18:00:00,6.0,26.28,-91.11,1003.1,30.5,147.99072265625,9.512188911437988,2.8164849281311035,0.0,2.827018976211548,0.0,0.0,0.0,0.0,0.0,0.0459922105073928,0.0,0.0481336936354637
2024-11-10 12:00:00,AL182024,17.0,2024-11-11 00:00:00,12.0,27.11,-91.25,1005.7,33.0,74.61861419677734,0.0,0.0,0.0,1.4069464206695557,0.363432765007019,0.0,0.303882896900177,0.0826189666986465,0.0502997264266014,0.0,0.0,0.0
2024-11-10 12:00:00,AL182024,17.0,2024-11-11 06:00:00,18.0,26.3,-90.07,1004.0,31.1,114.1483383178711,25.573654174804688,21.71812629699707,13.97914695739746,19.84015464782715,0.4775603413581848,0.0810750871896743,0.0,0.0,0.0274441428482532,0.0088043119758367,0.0509827844798564,0.0307619702070951
2024-11-10 12:00:00,AL182024,17.0,2024-11-11 12:00:00,24.0,27.04,-90.0,1005.0,27.3,136.1781005859375,11.647189140319824,6.842385292053223,3.0016982555389404,8.2968111038208,0.2183679044246673,0.0,0.0454253293573856,0.0338147655129432,0.0141313644126057,0.0,0.015147466212511,0.0
2024-11-10 12:00:00,AL182024,17.0,2024-11-11 18:00:00,30.0,27.22,-90.38,1009.2,27.4,82.38404846191406,2.5894243717193604,0.1957997530698776,0.0,2.1078288555145264,0.0583526864647865,0.4636598229408264,0.4044690132141113,0.0,0.0512376613914966,0.0956072360277175,0.0133228050544857,0.0
2024-11-10 12:00:00,AL182024,18.0,2024-11-10 12:00:00,0.0,26.1,-91.9,1003.0,35.0,222.23991910466944,222.23991910466944,0.0,0.0,0.0,,,,,,,,
2024-11-10 12:00:00,AL182024,18.0,2024-11-10 18:00:00,6.0,26.52,-91.83,1005.2,32.6,68.28504180908203,4.300022602081299,3.891757726669312,0.0,1.7203494310379028,0.169121041893959,0.0,0.0,0.0,0.1713081002235412,0.0578921623528003,0.0,0.0362869352102279
2024-11-10 12:00:00,AL182024,19.0,2024-11-10 12:00:00,0.0,26.1,-91.9,1003.0,35.0,222.23991910466944,222.23991910466944,0.0,0.0,0.0,,,,,,,,
2024-11-10 12:00:00,AL182024,19.0,2024-11-10 18:00:00,6.0,26.23,-91.06,1005.1,32.1,128.3339080810547,14.0602388381958,9.833223342895508,1.2100309133529663,5.55252742767334,0.0,0.0,0.0,0.0,0.0,0.0,0.0,0.0
2024-11-10 12:00:00,AL182024,19.0,2024-11-11 00:00:00,12.0,27.17,-90.66,1004.9,29.2,145.49868774414062,34.40304946899414,25.40314102172852,19.56427001953125,24.91800880432129,0.0,0.0577863007783889,0.4037835299968719,0.0,0.0,0.0350510142743587,0.0158996395766735,0.0603627040982246
2024-11-10 12:00:00,AL182024,19.0,2024-11-11 06:00:00,18.0,26.95,-89.96,1006.6,28.6,64.1915054321289,1.715097188949585,0.0,0.0,2.71219801902771,0.063271589577198,0.0,0.0422986634075641,0.4681819677352905,0.0111053381115198,0.0,0.0,0.0106813265010714
2024-11-10 12:00:00,AL182024,19.0,2024-11-11 12:00:00,24.0,27.13,-89.59,1005.6,27.9,126.5099868774414,4.104307651519775,3.006624698638916,0.8721920847892761,3.68748950958252,0.1701410263776779,0.0,0.2795963883399963,0.0,0.0,0.0232838410884141,0.0060147866606712,0.0
2024-11-10 12:00:00,AL182024,20.0,2024-11-10 12:00:00,0.0,26.1,-91.9,1003.0,35.0,222.23991910466944,222.23991910466944,0.0,0.0,0.0,,,,,,,,
2024-11-10 12:00:00,AL182024,20.0,2024-11-10 18:00:00,6.0,26.57,-91.31,1007.4,34.6,81.74420166015625,0.0,0.0,0.0,0.0,0.0,0.0,0.0,0.0,0.0720275565981864,0.0,0.0077570280991494,0.0719534009695053
2024-11-10 12:00:00,AL182024,20.0,2024-11-11 00:00:00,12.0,26.56,-91.08,1007.4,31.1,80.11613464355469,0.6171247959136963,0.0,0.0,2.3024489879608154,0.1821368932723999,0.0,0.0,0.1294878274202346,0.1801738440990448,0.0,0.0204924140125513,0.1086567938327789
2024-11-10 12:00:00,AL182024,20.0,2024-11-11 06:00:00,18.0,26.69,-90.63,1004.9,30.8,104.27545166015624,16.75942611694336,14.665703773498535,8.111144065856934,11.15370750427246,0.2558498978614807,0.0,0.0,0.2781074643135071,0.0,0.0,0.0,0.0
2024-11-10 12:00:00,AL182024,20.0,2024-11-11 12:00:00,24.0,26.71,-90.38,1005.4,26.5,126.5994644165039,5.598110198974609,4.106000900268555,0.5874614715576172,3.899914503097534,0.0,0.043393824249506,0.1453338265419006,0.0,0.0,0.0896063521504402,0.0650151744484901,0.0
2024-11-10 12:00:00,AL182024,20.0,2024-11-11 18:00:00,30.0,26.4,-90.34,1006.8,26.8,63.9453125,1.470808744430542,0.0,0.0,1.3733110427856443,0.0,0.0,0.0761265456676483,0.0,0.0,0.0,0.0,0.0
2024-11-10 12:00:00,AL182024,21.0,2024-11-10 12:00:00,0.0,26.1,-91.9,1003.0,35.0,222.23991910466944,222.23991910466944,0.0,0.0,0.0,,,,,,,,
2024-11-10 12:00:00,AL182024,21.0,2024-11-10 18:00:00,6.0,26.46,-91.51,1005.0,31.7,67.2208251953125,2.2430419921875,0.7340003848075867,0.0,0.5994138121604919,0.4987248182296753,0.0,0.0,0.0,0.0869748815894126,0.0,0.0,0.0509529076516628
2024-11-10 12:00:00,AL182024,21.0,2024-11-11 00:00:00,12.0,26.93,-91.11,1006.7,30.6,92.3943099975586,0.154333084821701,0.3376572430133819,0.0,2.3666841983795166,0.0323780328035354,0.0,0.0,0.0,0.112860769033432,0.0,0.0,0.0
2024-11-10 12:00:00,AL182024,21.0,2024-11-11 06:00:00,18.0,26.63,-90.28,1006.6,28.5,77.21709442138672,3.955991744995117,3.3142194747924805,0.0399248376488685,3.249560832977295,0.1293735802173614,0.0,0.2708360552787781,0.0,0.1386848986148834,0.0,0.0,0.0
2024-11-10 12:00:00,AL182024,22.0,2024-11-10 12:00:00,0.0,26.1,-91.9,1003.0,35.0,222.23991910466944,222.23991910466944,0.0,0.0,0.0,,,,,,,,
2024-11-10 12:00:00,AL182024,22.0,2024-11-10 18:00:00,6.0,26.3,-91.14,1004.5,31.9,126.3450927734375,10.186186790466309,6.4175519943237305,0.0,3.558919668197632,0.0659154951572418,0.0210518557578325,0.0,0.0,0.0,0.0,0.0,0.0
2024-11-10 12:00:00,AL182024,22.0,2024-11-11 00:00:00,12.0,26.85,-91.0,1006.9,31.6,82.49931335449219,3.502366781234741,0.0,0.0,3.1306912899017334,0.0,0.0,0.0,0.2246290445327758,0.1386415362358093,0.0,0.0,0.0543688721954822
2024-11-10 12:00:00,AL182024,22.0,2024-11-11 06:00:00,18.0,26.67,-90.52,1006.8,25.5,59.944705963134766,0.6121245622634888,0.0,0.0,2.033418893814087,0.7399446964263916,0.0,0.0,0.1033714264631271,0.1499962657690048,0.0,0.0,0.0
2024-11-10 12:00:00,AL182024,22.0,2024-11-11 12:00:00,24.0,25.75,-89.41,1008.8,26.0,86.08737182617188,0.6261460781097412,0.0,0.0,1.7076492309570312,0.3626202940940857,0.0,0.0,0.0,0.1705808192491531,0.0,0.0,0.0
2024-11-10 12:00:00,AL182024,22.0,2024-11-11 18:00:00,30.0,25.55,-89.78,1008.7,28.3,92.73625183105467,0.2621611952781677,0.1040279120206832,0.0,1.2554808855056765,0.237392246723175,0.0,0.0,0.0,0.0,0.0,0.0,0.0
2024-11-10 12:00:00,AL182024,23.0,2024-11-10 12:00:00,0.0,26.1,-91.9,1003.0,35.0,222.23991910466944,222.23991910466944,0.0,0.0,0.0,,,,,,,,
2024-11-10 12:00:00,AL182024,23.0,2024-11-10 18:00:00,6.0,26.36,-91.08,1006.3,30.7,117.08443450927734,6.917524337768555,3.983182668685913,0.0,0.7646990418434143,0.0674078613519668,0.1683414429426193,0.0,0.1111542880535125,0.0680019930005073,0.0,0.0,0.0425530709326267
2024-11-10 12:00:00,AL182024,24.0,2024-11-10 12:00:00,0.0,26.1,-91.9,1003.0,35.0,222.23991910466944,222.23991910466944,0.0,0.0,0.0,,,,,,,,
2024-11-10 12:00:00,AL182024,24.0,2024-11-10 18:00:00,6.0,26.59,-91.21,1006.8,32.3,74.849365234375,2.5044994354248047,1.9573053121566768,0.0,0.0,0.0092599606141448,0.0,0.0,0.0,0.1280703097581863,0.0094671994447708,0.0,0.0016636089421808
2024-11-10 12:00:00,AL182024,24.0,2024-11-11 00:00:00,12.0,26.81,-90.87,1004.9,31.5,121.87127685546876,6.716927528381348,6.08568811416626,2.0849435329437256,4.217066764831543,0.0,0.5930129885673523,0.0823401883244514,0.034613262861967,0.0,0.0,0.0,0.0
2024-11-10 12:00:00,AL182024,24.0,2024-11-11 06:00:00,18.0,26.51,-90.37,1003.6,29.4,113.08405303955078,12.306028366088867,9.856596946716309,6.469987869262695,8.993125915527344,0.0247579999268054,0.3056843876838684,0.0482573322951793,0.2362950295209884,0.0,0.0,0.1054561808705329,0.0
2024-11-10 12:00:00,AL182024,25.0,2024-11-10 12:00:00,0.0,26.1,-91.9,1003.0,35.0,222.23991910466944,222.23991910466944,0.0,0.0,0.0,,,,,,,,
2024-11-10 12:00:00,AL182024,25.0,2024-11-10 18:00:00,6.0,26.07,-91.52,1005.1,28.0,153.7684783935547,3.0601165294647217,0.0,0.0,0.0,0.0,0.1971929967403412,0.0,0.0,0.0,0.1214594542980194,0.0231125187128782,0.0
2024-11-10 12:00:00,AL182024,25.0,2024-11-11 00:00:00,12.0,26.08,-91.0,1003.1,32.8,104.4648208618164,5.654332637786865,3.491645336151123,2.4102108478546143,3.689876317977905,0.0,0.2054723501205444,0.0575709417462348,0.0912323072552681,0.0,0.0,0.074032612144947,0.1024540364742279
2024-11-10 12:00:00,AL182024,25.0,2024-11-11 06:00:00,18.0,26.51,-90.58,1004.5,23.1,158.6688690185547,0.0,0.0,0.0,0.0,0.0,0.0,0.2685675323009491,0.0,0.0,0.0051090433262288,0.1834198087453842,0.0
2024-11-10 12:00:00,AL182024,25.0,2024-11-11 12:00:00,24.0,26.59,-89.94,1004.9,24.3,154.32723999023438,2.797841787338257,0.0,0.0,1.915353894233704,0.0,0.0,0.0381636284291744,0.0,0.0,0.0,0.0748723894357681,0.0
2024-11-10 12:00:00,AL182024,26.0,2024-11-10 12:00:00,0.0,26.1,-91.9,1003.0,35.0,222.23991910466944,222.23991910466944,0.0,0.0,0.0,,,,,,,,
2024-11-10 12:00:00,AL182024,26.0,2024-11-10 18:00:00,6.0,26.56,-91.05,1004.6,31.5,131.11717224121094,84.48326110839844,73.74540710449219,41.87411117553711,58.85318756103516,0.0,0.0,0.0,0.0,0.0,0.0,0.0371894314885139,0.0351911596953868
2024-11-10 12:00:00,AL182024,26.0,2024-11-11 00:00:00,12.0,26.55,-90.6,1004.8,32.2,103.9616241455078,3.3051114082336426,2.4556024074554443,0.0,0.6220065951347351,0.0,0.3519288301467895,0.4781978726387024,0.2736848592758178,0.0,0.0,0.0581495016813278,0.2404418289661407
2024-11-10 12:00:00,AL182024,26.0,2024-11-11 06:00:00,18.0,26.76,-90.25,1008.5,27.0,142.91793823242188,7.702136993408203,7.892202854156494,2.424590587615967,3.9492945671081534,0.0,0.0,0.0,0.0,0.1278329193592071,0.0570657476782798,0.0120054716244339,0.1466851979494094
2024-11-10 12:00:00,AL182024,26.0,2024-11-11 12:00:00,24.0,27.04,-90.59,1005.6,32.2,58.89778900146485,1.600572943687439,0.0,0.0,2.514955997467041,0.4166483581066131,0.1189510077238082,0.0,0.6890431642532349,0.0758041888475418,0.026021908968687,0.1778348982334137,0.0249428898096084
2024-11-10 12:00:00,AL182024,26.0,2024-11-11 18:00:00,30.0,28.32,-89.54,1006.8,28.6,116.43630981445312,5.185430526733398,4.155698776245117,0.5401413440704346,2.7513039112091064,0.0,0.0349980518221855,0.0,0.0,0.0,0.0859081819653511,0.0152836944907903,0.064999833703041
2024-11-10 12:00:00,AL182024,27.0,2024-11-10 12:00:00,0.0,26.1,-91.9,1003.0,35.0,222.23991910466944,222.23991910466944,0.0,0.0,0.0,,,,,,,,
2024-11-10 12:00:00,AL182024,27.0,2024-11-10 18:00:00,6.0,26.89,-91.4,1004.5,36.9,94.61687469482422,109.6646728515625,100.71570587158205,70.44660186767578,86.38063049316406,0.728442907333374,0.0,0.3191716372966766,0.3653762638568878,0.1985192894935608,0.0504576303064823,0.1300264447927475,0.0611750297248363
2024-11-10 12:00:00,AL182024,27.0,2024-11-11 00:00:00,12.0,27.13,-90.68,1004.8,31.9,84.30410766601562,106.32229614257812,99.52747344970705,74.93790435791016,86.69273376464844,0.1677000671625137,0.0,0.2952024936676025,0.3721194863319397,0.0462912879884243,0.0,0.0819612666964531,0.0997352972626686
2024-11-10 12:00:00,AL182024,28.0,2024-11-10 12:00:00,0.0,26.1,-91.9,1003.0,35.0,222.23991910466944,222.23991910466944,0.0,0.0,0.0,,,,,,,,
2024-11-10 12:00:00,AL182024,28.0,2024-11-10 18:00:00,6.0,26.43,-91.37,1003.3,35.8,104.33566284179688,90.09852600097656,80.52792358398438,47.72134399414063,62.981876373291016,0.0,0.0,0.0,0.0,0.2579854428768158,0.0,0.0,0.1587080657482147
2024-11-10 12:00:00,AL182024,28.0,2024-11-11 00:00:00,12.0,26.56,-90.81,1004.0,34.0,59.51466751098633,0.0,0.0,0.0,0.0,0.6897767782211304,0.596636950969696,0.4810711145401001,0.4277845323085785,0.0,0.0,0.0653315335512161,0.1109926402568817
2024-11-10 12:00:00,AL182024,28.0,2024-11-11 06:00:00,18.0,27.34,-89.69,1007.1,32.1,149.1461639404297,65.9508285522461,59.7075080871582,36.66887283325195,49.55089569091797,0.0,0.0,0.0,0.0,0.2239185571670532,0.0864600017666816,0.0460684299468994,0.1850245893001556
2024-11-10 12:00:00,AL182024,29.0,2024-11-10 12:00:00,0.0,26.1,-91.9,1003.0,35.0,222.23991910466944,222.23991910466944,0.0,0.0,0.0,,,,,,,,
2024-11-10 12:00:00,AL182024,29.0,2024-11-10 18:00:00,6.0,26.57,-91.43,1004.8,35.4,92.97306060791016,25.31968307495117,19.05436897277832,7.575629234313965,14.954567909240724,0.2861033678054809,0.0,0.1685153692960739,0.0493036769330501,0.1726542264223098,0.0059720845893025,0.1834945082664489,0.1076401844620704
2024-11-10 12:00:00,AL182024,29.0,2024-11-11 00:00:00,12.0,26.19,-91.38,1007.8,25.5,130.33755493164062,4.897201061248779,3.515746593475342,2.713266134262085,1.2343488931655884,0.0,0.1121624410152435,0.3868093192577362,0.0,0.0339469909667968,0.1502419114112854,0.0635178685188293,0.1194256395101547
2024-11-10 12:00:00,AL182024,29.0,2024-11-11 06:00:00,18.0,25.6,-90.71,1009.2,24.2,124.4694595336914,0.8743515014648438,3.489143133163452,1.9062399864196773,0.0,0.0,0.0,0.0,0.0,0.1381195187568664,0.1240392178297042,0.0136444233357906,0.0235080197453498
2024-11-10 12:00:00,AL182024,29.0,2024-11-11 12:00:00,24.0,26.6,-90.21,1006.9,27.3,66.4786605834961,0.0,1.6338292360305786,0.0,1.0440855026245115,0.0781332328915596,0.3672686219215393,0.0,0.4034486711025238,0.0904583409428596,0.0755027756094932,0.0937398970127105,0.0
2024-11-10 12:00:00,AL182024,29.0,2024-11-11 18:00:00,30.0,27.29,-89.66,1005.8,27.5,94.41449737548828,1.06795334815979,0.0,0.0,0.0,0.077650636434555,0.0129116624593734,0.2006557434797287,0.0958725735545158,0.1974986493587494,0.0824629962444305,0.0558021329343318,0.1814094483852386
2024-11-10 12:00:00,AL182024,30.0,2024-11-10 12:00:00,0.0,26.1,-91.9,1003.0,35.0,222.23991910466944,222.23991910466944,0.0,0.0,0.0,,,,,,,,
2024-11-10 12:00:00,AL182024,30.0,2024-11-10 18:00:00,6.0,27.15,-91.52,1004.3,37.9,66.50467681884766,34.36387634277344,28.719947814941406,15.473248481750488,26.10962104797364,2.162250280380249,0.9816758036613464,1.1238967180252075,1.607648491859436,0.0932667627930641,0.0916523411870002,0.1454745084047317,0.0467116795480251
2024-11-10 12:00:00,AL182024,31.0,2024-11-10 12:00:00,0.0,26.1,-91.9,1003.0,35.0,222.23991910466944,222.23991910466944,0.0,0.0,0.0,,,,,,,,
2024-11-10 12:00:00,AL182024,31.0,2024-11-10 18:00:00,6.0,26.6,-91.16,1004.4,33.2,138.35108947753906,113.92579650878906,107.25823211669922,70.8677978515625,84.33560180664062,0.0,0.0,0.0,0.0,0.2104441225528717,0.0,0.0111698228865861,0.1618030667304992
2024-11-10 12:00:00,AL182024,31.0,2024-11-11 00:00:00,12.0,27.37,-91.45,1004.2,29.9,69.52142333984375,0.0,0.0,0.0,0.0,0.9853065013885498,0.7026048898696899,0.4631450772285461,0.3375889956951141,0.2486637532711029,0.1936305463314056,0.1908093988895416,0.1483909040689468
2024-11-10 12:00:00,AL182024,31.0,2024-11-11 06:00:00,18.0,26.81,-90.07,1008.2,29.4,155.55953979492188,18.03149032592773,17.52482032775879,7.731135845184326,11.58707332611084,0.0,0.0,0.0,0.0253218114376068,0.1116440743207931,0.0937476977705955,0.0635932236909866,0.1931285709142685
2024-11-10 12:00:00,AL182024,31.0,2024-11-11 12:00:00,24.0,27.48,-89.89,1005.1,28.4,61.39419555664063,0.0,0.0,0.0,0.0,0.3085926175117492,0.0,0.0,0.3808766901493072,0.0,0.0049796993844211,0.0427634343504905,0.0115540185943245
2024-11-10 12:00:00,AL182024,31.0,2024-11-11 18:00:00,30.0,27.58,-89.79,1004.9,28.2,62.24858093261719,0.0,1.1619889736175537,0.3192389905452728,1.7999811172485352,0.0,0.0,0.0,0.4291474819183349,0.0,0.031629778444767,0.0228599812835454,0.0115756560117006
2024-11-10 12:00:00,AL182024,31.0,2024-11-12 00:00:00,36.0,26.31,-88.99,1007.1,26.4,76.15599060058594,1.110592246055603,1.24056077003479,0.0,0.1328320801258087,0.1015703231096267,0.8658729791641235,0.1295291036367416,0.2128857374191284,0.0,0.0,0.0,0.1683929115533828
2024-11-10 12:00:00,AL182024,32.0,2024-11-10 12:00:00,0.0,26.1,-91.9,1003.0,35.0,222.23991910466944,222.23991910466944,0.0,0.0,0.0,,,,,,,,
2024-11-10 12:00:00,AL182024,32.0,2024-11-10 18:00:00,6.0,26.54,-91.24,1005.1,30.7,67.12915802001953,0.0,0.0,0.0,0.0,0.6299195885658264,0.0,0.4946110844612121,0.5378482937812805,0.0839621275663375,0.0262326076626777,0.1240361556410789,0.0
2024-11-10 12:00:00,AL182024,32.0,2024-11-11 00:00:00,12.0,26.42,-90.6,1008.2,27.0,167.89096069335938,52.95726776123047,49.446022033691406,33.88861846923828,39.30800247192383,0.0,0.0,0.0,0.0,0.1703863888978958,0.2146472334861755,0.0420227572321891,0.116818755865097
2024-11-10 12:00:00,AL182024,32.0,2024-11-11 06:00:00,18.0,27.0,-90.37,1006.1,28.2,62.83660888671875,0.0,0.0,0.0,0.0,0.1527435481548309,0.1734168827533722,0.0,0.327434092760086,0.0246906895190477,0.0,0.1211476325988769,0.0
2024-11-10 12:00:00,AL182024,32.0,2024-11-11 12:00:00,24.0,26.84,-89.47,1006.2,28.1,61.98995971679688,5.719378471374512,6.571101188659668,1.786699891090393,5.045673847198486,0.3549346923828125,0.0,0.0,0.0702083557844162,0.0688520744442939,0.0,0.0697861835360527,0.0
2024-11-10 12:00:00,AL182024,32.0,2024-11-11 18:00:00,30.0,25.99,-88.78,1008.0,28.3,143.43516540527344,4.330567836761475,4.063438415527344,1.977567195892334,1.4111844301223757,0.0283413622528314,0.0839896947145462,0.132253497838974,0.0,0.1179287731647491,0.0614160895347595,0.0885586142539978,0.1253126412630081
2024-11-10 12:00:00,AL182024,32.0,2024-11-12 00:00:00,36.0,28.23,-88.1,1007.0,27.2,106.10396575927734,2.9376466274261475,1.742215275764465,0.0,1.1718299388885498,0.2442757189273834,0.3017336726188659,0.1441747546195984,0.2820363342761993,0.1723430901765823,0.0634778514504432,0.0659352838993072,0.1987399309873581
2024-11-10 12:00:00,AL182024,33.0,2024-11-10 12:00:00,0.0,26.1,-91.9,1003.0,35.0,222.23991910466944,222.23991910466944,0.0,0.0,0.0,,,,,,,,
2024-11-10 12:00:00,AL182024,33.0,2024-11-10 18:00:00,6.0,26.8,-91.22,1004.3,35.6,77.94676971435547,64.70219421386719,60.22412872314453,39.48952865600586,49.69758605957031,0.8710663318634033,0.3881041705608368,0.5728810429573059,0.4049718379974365,0.0521098040044307,0.0381999835371971,0.2997353076934814,0.0227495580911636
2024-11-10 12:00:00,AL182024,33.0,2024-11-11 00:00:00,12.0,26.72,-90.71,1005.1,30.4,108.31927490234376,3.088295221328736,1.8891403675079343,0.0249339789152145,1.6791741847991943,0.0,0.0558295547962188,0.1888130754232406,0.0,0.0,0.0043553346768021,0.0884686931967735,0.1691863238811493
2024-11-10 12:00:00,AL182024,33.0,2024-11-11 06:00:00,18.0,26.91,-90.02,1003.1,35.9,106.84680938720705,17.31951141357422,13.718767166137695,5.355347633361816,12.285740852355955,0.9107661843299866,0.3856025040149688,0.4562458097934723,0.9966637492179872,0.1898846179246902,0.1622165143489837,0.1613644361495971,0.2840822339057922
2024-11-10 12:00:00,AL182024,34.0,2024-11-10 12:00:00,0.0,26.1,-91.9,1003.0,35.0,222.23991910466944,222.23991910466944,0.0,0.0,0.0,,,,,,,,
2024-11-10 12:00:00,AL182024,34.0,2024-11-10 18:00:00,6.0,26.72,-90.97,1002.8,34.9,87.246337890625,6.656746864318848,1.889557957649231,0.0,0.2145532965660095,0.1076635345816612,0.6766806840896606,0.1705301851034164,0.138001337647438,0.0384500883519649,0.0,0.0,0.024770213291049
2024-11-10 12:00:00,AL182024,34.0,2024-11-11 00:00:00,12.0,26.58,-90.65,1003.4,32.2,82.75174713134766,1.8408375978469849,1.5273091793060305,0.4166414141654968,0.0,0.0,0.3052325844764709,0.4384904205799103,0.065853402018547,0.2047764211893081,0.0,0.040139302611351,0.2397280484437942
2024-11-10 12:00:00,AL182024,34.0,2024-11-11 06:00:00,18.0,26.87,-90.08,1006.9,28.3,135.11322021484375,4.42668342590332,3.427663326263428,2.337752103805542,3.86426305770874,0.0,0.0,0.2720974385738373,0.0,0.0621189437806606,0.030515806749463,0.0262204632163047,0.1673678606748581
2024-11-10 12:00:00,AL182024,34.0,2024-11-11 12:00:00,24.0,27.01,-89.75,1006.2,27.4,106.42176818847656,6.402980804443359,4.550985336303711,0.6859841346740723,2.626791954040528,0.0,0.0016387548530474,0.0,0.0,0.0769206658005714,0.0521897934377193,0.011729578487575,0.0788837000727653
2024-11-10 12:00:00,AL182024,34.0,2024-11-11 18:00:00,30.0,27.02,-89.26,1004.1,29.4,57.05291748046875,3.1190338134765625,4.058917045593262,1.2630515098571775,1.507978916168213,0.0432664416730403,0.0046485643833875,0.0,0.0,0.0,0.0427257716655731,0.0559134818613529,0.0
2024-11-10 12:00:00,AL182024,34.0,2024-11-12 00:00:00,36.0,27.01,-88.97,1006.4,26.5,62.64640426635742,0.0,0.0,0.0,0.0,0.0350462906062603,0.0278728809207677,0.0,0.0177868455648422,0.0282189343124628,0.009439636953175,0.0,0.0782352983951568
2024-11-10 12:00:00,AL182024,35.0,2024-11-10 12:00:00,0.0,26.1,-91.9,1003.0,35.0,222.23991910466944,222.23991910466944,0.0,0.0,0.0,,,,,,,,
2024-11-10 12:00:00,AL182024,35.0,2024-11-10 18:00:00,6.0,27.35,-91.22,1004.5,34.5,77.0165786743164,27.811906814575195,23.863365173339844,13.547816276550291,20.07748031616211,1.207735896110535,0.5260027647018433,0.957884967327118,0.8829363584518433,0.0427552238106727,0.0,0.2054455280303955,0.0978255942463874
2024-11-10 12:00:00,AL182024,36.0,2024-11-10 12:00:00,0.0,26.1,-91.9,1003.0,35.0,222.23991910466944,222.23991910466944,0.0,0.0,0.0,,,,,,,,
2024-11-10 12:00:00,AL182024,36.0,2024-11-10 18:00:00,6.0,26.53,-91.05,1004.8,30.4,104.03057098388672,13.206121444702148,8.565173149108887,0.0,4.026146411895752,0.0,0.0,0.0,0.0,0.0372850336134433,0.0,0.0074217207729816,0.0164611227810382
2024-11-10 12:00:00,AL182024,36.0,2024-11-11 00:00:00,12.0,26.55,-91.52,1006.7,27.9,127.63697052001952,3.254716396331787,1.7176562547683716,0.0,0.0,0.0,0.2733403444290161,0.0340117067098617,0.0,0.0,0.0454846620559692,0.1087464317679405,0.1716999560594558
2024-11-10 12:00:00,AL182024,36.0,2024-11-11 06:00:00,18.0,26.96,-90.27,1008.5,26.3,155.3981475830078,3.1707029342651367,3.155423879623413,1.026623010635376,1.1969826221466064,0.0,0.0,0.0,0.0142446337267756,0.0947876647114753,0.0942583680152893,0.0478773973882198,0.1584523767232895
2024-11-10 12:00:00,AL182024,36.0,2024-11-11 12:00:00,24.0,27.19,-90.03,1005.3,27.7,63.741973876953125,0.0,1.0896637439727783,0.0,2.0033063888549805,0.0,0.0,0.0,0.4383413195610046,0.06576719135046,0.1199299097061157,0.0847557038068771,0.0205889102071523
2024-11-10 12:00:00,AL182024,36.0,2024-11-11 18:00:00,30.0,27.34,-89.33,1006.6,27.3,62.0338020324707,2.250645875930786,3.291810274124145,0.1308773607015609,3.1233878135681152,0.2281314879655838,0.0226459447294473,0.0,0.0,0.0,0.0855371057987213,0.1545873135328292,0.0
2024-11-10 12:00:00,AL182024,37.0,2024-11-10 12:00:00,0.0,26.1,-91.9,1003.0,35.0,222.23991910466944,222.23991910466944,0.0,0.0,0.0,,,,,,,,
2024-11-10 12:00:00,AL182024,37.0,2024-11-10 18:00:00,6.0,26.59,-91.57,1005.0,33.9,88.5374984741211,75.97441864013672,69.10111999511719,48.16533660888672,60.03463363647461,0.2519083321094513,0.0,0.0,0.0538346320390701,0.1775818616151809,0.0020524587016552,0.0462816953659057,0.0763021633028984
2024-11-10 12:00:00,AL182024,37.0,2024-11-11 00:00:00,12.0,27.28,-90.56,1005.8,30.6,143.88262939453125,136.11289978027344,129.81300354003906,91.33704376220705,105.63397216796876,0.0,0.0,0.0,0.0,0.2289354056119918,0.0306715089827775,0.0399959906935691,0.222526341676712
2024-11-10 12:00:00,AL182024,37.0,2024-11-11 06:00:00,18.0,26.89,-90.56,1009.7,25.3,167.48675537109375,0.3804892301559448,1.255427598953247,2.1997244358062744,1.401055932044983,0.0,0.0,0.3202608823776245,0.083237886428833,0.2086069732904434,0.0900812372565269,3.756316073122434e-05,0.1153871119022369
2024-11-10 12:00:00,AL182024,37.0,2024-11-11 12:00:00,24.0,27.53,-89.97,1005.6,29.8,63.68998718261719,0.0,0.0,0.0,0.0,0.3264508545398712,0.3005388379096985,0.0161147769540548,0.5056294202804565,0.0,0.0,0.0875628516077995,0.0
2024-11-10 12:00:00,AL182024,37.0,2024-11-11 18:00:00,30.0,27.5,-89.44,1006.4,30.5,61.15979766845703,19.435800552368164,18.5315170288086,10.652178764343262,14.549603462219238,0.8231003880500793,0.3850744068622589,0.0,0.1982147842645645,0.0002915182558353,0.0303039960563182,0.0834170803427696,0.0
2024-11-10 12:00:00,AL182024,37.0,2024-11-12 00:00:00,36.0,27.12,-89.41,1007.7,26.3,154.2413787841797,0.2838976681232452,1.354404091835022,0.0816761404275894,0.0,0.291486918926239,0.3521988689899444,0.1506921201944351,0.2172953933477401,0.253020703792572,0.0806275904178619,0.0883954390883445,0.267044186592102
2024-11-10 12:00:00,AL182024,37.0,2024-11-12 06:00:00,42.0,26.9,-89.31,1006.2,28.8,61.23379898071289,0.4752183258533478,0.0,0.6671380400657654,0.8588845133781433,0.2062554210424423,0.17208331823349,0.1505903601646423,0.2477768510580063,0.0,0.0,0.0162068698555231,0.0
2024-11-10 12:00:00,AL182024,37.0,2024-11-12 12:00:00,48.0,26.63,-90.05,1009.0,23.4,62.4481201171875,0.0,0.0,0.4338109791278839,0.0,0.076632484793663,0.2323412746191024,0.0401334762573242,0.0,0.0,0.0977426767349243,0.0503305159509182,0.0
2024-11-10 12:00:00,AL182024,37.0,2024-11-12 18:00:00,54.0,26.54,-90.06,1006.6,26.1,91.33123016357422,6.023041248321533,6.201059818267822,2.919456958770752,2.3623287677764893,0.0648639425635337,0.6730254888534546,0.2465464770793914,0.0,0.0,0.0700514018535614,0.0,0.0
2024-11-10 12:00:00,AL182024,38.0,2024-11-10 12:00:00,0.0,26.1,-91.9,1003.0,35.0,222.23991910466944,222.23991910466944,0.0,0.0,0.0,,,,,,,,
2024-11-10 12:00:00,AL182024,38.0,2024-11-10 18:00:00,6.0,26.77,-91.18,1003.9,31.4,72.04203796386719,86.98249816894531,80.73090362548828,55.501949310302734,66.10497283935547,0.3357704579830169,0.1996863931417465,0.0,0.0,0.0386235974729061,0.1752911359071731,0.0211541336029768,0.0406197197735309
2024-11-10 12:00:00,AL182024,38.0,2024-11-11 00:00:00,12.0,27.0,-90.96,1007.2,30.1,126.41615295410156,4.469141960144043,2.7112457752227783,0.0,2.134837865829468,0.0,0.295317530632019,0.0,0.0,0.0,0.0172622464597225,0.0,0.0
2024-11-10 12:00:00,AL182024,39.0,2024-11-10 12:00:00,0.0,26.1,-91.9,1003.0,35.0,222.23991910466944,222.23991910466944,0.0,0.0,0.0,,,,,,,,
2024-11-10 12:00:00,AL182024,39.0,2024-11-10 18:00:00,6.0,26.34,-91.18,1007.7,27.6,108.4469985961914,0.4076971709728241,0.0,0.0,0.0,0.0,0.2656053006649017,0.0,0.0,0.0506103709340095,0.1271105408668518,0.0042712283320724,0.0
2024-11-10 12:00:00,AL182024,39.0,2024-11-11 00:00:00,12.0,26.84,-90.89,1005.1,30.1,75.41544342041016,2.6266775131225586,2.1805107593536377,0.0,0.0,0.0,0.0406057052314281,0.0149993253871798,0.1264975219964981,0.0,0.0109282368794083,0.0983548462390899,0.0
2024-11-10 12:00:00,AL182024,39.0,2024-11-11 06:00:00,18.0,25.85,-90.33,1006.1,28.5,75.53314971923828,0.0,0.0,0.0,0.0,0.1103310659527778,0.0191372614353895,0.0747789815068245,0.0,0.0,0.0,0.0,0.0
2024-11-10 12:00:00,AL182024,39.0,2024-11-11 12:00:00,24.0,26.64,-90.34,1008.4,23.9,142.7472381591797,0.0,0.2280520796775818,1.231008529663086,0.0,0.0,0.0,0.0,0.0,0.0410569980740547,0.0,0.0,0.0
2024-11-10 12:00:00,AL182024,40.0,2024-11-10 12:00:00,0.0,26.1,-91.9,1003.0,35.0,222.23991910466944,222.23991910466944,0.0,0.0,0.0,,,,,,,,
2024-11-10 12:00:00,AL182024,40.0,2024-11-10 18:00:00,6.0,26.44,-91.33,1007.2,31.8,140.30929565429688,1.4302655458450315,0.0,0.0,0.0,0.0,0.1352982074022293,0.0,0.0,0.0,0.0,0.0,0.0
2024-11-10 12:00:00,AL182024,40.0,2024-11-11 00:00:00,12.0,26.57,-90.92,1007.3,29.0,131.65097045898438,0.4612486660480499,0.3815175592899322,0.0,0.0342580899596214,0.0,0.4699855148792267,0.1294396966695785,0.0,0.0,0.0786069929599762,0.0116556379944086,0.0
2024-11-10 12:00:00,AL182024,40.0,2024-11-11 06:00:00,18.0,26.16,-90.24,1005.0,27.4,67.08802032470703,3.0871872901916504,1.4555294513702393,0.0,2.230971336364746,0.4942845702171325,0.923883855342865,0.1632499396800995,0.1375311613082885,0.0543367527425289,0.0648443177342414,0.0,0.0
2024-11-10 12:00:00,AL182024,40.0,2024-11-11 12:00:00,24.0,26.53,-89.92,1005.7,29.7,101.81892395019533,1.9137468338012693,1.4980146884918213,0.0,0.7104018330574036,0.1345212906599044,0.0973071753978729,0.1865672916173935,0.0,0.0,0.0,0.0,0.0
2024-11-10 12:00:00,AL182024,40.0,2024-11-11 18:00:00,30.0,26.3,-89.42,1005.4,25.9,61.603546142578125,3.406988382339477,2.2822976112365723,0.0,0.5278345942497253,0.0,0.4807385206222534,0.0,0.0,0.0,0.1727437078952789,0.0786727964878082,0.0
2024-11-10 12:00:00,AL182024,40.0,2024-11-12 00:00:00,36.0,25.98,-90.34,1007.5,27.8,128.58384704589844,0.1481756716966629,0.0,0.0,0.0,0.1443644315004348,0.4741140604019165,0.0,0.0,0.0,0.0719115361571312,0.0,0.0
2024-11-10 12:00:00,AL182024,41.0,2024-11-10 12:00:00,0.0,26.1,-91.9,1003.0,35.0,222.23991910466944,222.23991910466944,0.0,0.0,0.0,,,,,,,,
2024-11-10 12:00:00,AL182024,41.0,2024-11-10 18:00:00,6.0,27.37,-91.55,1008.5,28.1,122.26988983154295,1.6665257215499878,0.0845746323466301,0.0,0.0,0.0,0.4863817989826202,0.0,0.0,0.0,0.0502077862620353,0.0,0.0
2024-11-10 12:00:00,AL182024,41.0,2024-11-11 00:00:00,12.0,26.38,-90.43,1005.1,28.3,73.10627746582031,0.3898838460445404,0.0,0.0,0.0,0.0,0.0118283657357096,0.0,0.0,0.0,0.0175438709557056,0.0928941518068313,0.0
2024-11-10 12:00:00,AL182024,41.0,2024-11-11 06:00:00,18.0,26.58,-90.26,1008.8,26.1,127.25074005126952,0.2603963315486908,0.0,0.8449041247367859,0.584321916103363,0.0,0.4919503331184387,0.035640500485897,0.0,0.0,0.0922114551067352,0.0436868332326412,0.0
2024-11-10 12:00:00,AL182024,42.0,2024-11-10 12:00:00,0.0,26.1,-91.9,1003.0,35.0,222.23991910466944,222.23991910466944,0.0,0.0,0.0,,,,,,,,
2024-11-10 12:00:00,AL182024,42.0,2024-11-10 18:00:00,6.0,26.71,-91.26,1003.2,35.1,90.63096618652344,158.5385284423828,147.96607971191406,105.90885925292967,124.28771209716795,0.8142308592796326,0.0,0.0,0.1532545238733291,0.1543973386287689,0.1534378975629806,0.0765094682574272,0.1541410535573959
2024-11-10 12:00:00,AL182024,42.0,2024-11-11 00:00:00,12.0,26.74,-91.06,1004.2,29.4,59.8122444152832,1.7186607122421265,2.049402236938477,0.0,1.426404356956482,0.2369567900896072,0.958884298801422,0.2801583111286163,0.2526256442070007,0.0,0.053159799426794,0.0540401637554168,0.0
2024-11-10 12:00:00,AL182024,42.0,2024-11-11 06:00:00,18.0,27.31,-90.73,1006.8,24.1,75.23397827148438,1.6017509698867798,2.8652658462524414,1.3563930988311768,1.2245503664016724,0.2535151541233063,0.705836832523346,0.4486353993415832,0.5147136449813843,0.0728253051638603,0.0997936204075813,0.1900961548089981,0.0
2024-11-10 12:00:00,AL182024,42.0,2024-11-11 12:00:00,24.0,26.23,-90.2,1010.0,25.3,140.66378784179688,0.0,0.3182510733604431,0.6200391054153442,0.0,0.0,0.2104686796665191,0.0825946778059005,0.0,0.0105166966095566,0.0,0.0,0.0
2024-11-10 12:00:00,AL182024,42.0,2024-11-11 18:00:00,30.0,25.39,-89.69,1006.6,30.9,115.16932678222656,50.26833724975586,46.07799530029297,34.2588996887207,40.61456680297852,0.1763589680194854,0.3691053092479706,0.0898294448852539,0.0,0.0610142797231674,0.0,0.0907855033874511,0.0
2024-11-10 12:00:00,AL182024,42.0,2024-11-12 00:00:00,36.0,24.69,-89.64,1007.1,23.6,77.3935775756836,0.0,0.5265869498252869,0.0,0.9802356362342834,0.0,0.0,0.0,0.0,0.0512584224343299,0.14429771900177,0.0522488020360469,0.127914547920227
2024-11-10 12:00:00,AL182024,43.0,2024-11-10 12:00:00,0.0,26.1,-91.9,1003.0,35.0,222.23991910466944,222.23991910466944,0.0,0.0,0.0,,,,,,,,
2024-11-10 12:00:00,AL182024,43.0,2024-11-10 18:00:00,6.0,26.2,-91.21,1006.8,31.5,146.1321563720703,1.0882550477981567,0.0,0.0,0.0,0.0,0.0740154609084129,0.0,0.0,0.0354383252561092,0.0112184844911098,0.0,0.0
2024-11-10 12:00:00,AL182024,43.0,2024-11-11 00:00:00,12.0,26.56,-90.85,1008.6,29.3,158.3075714111328,1.88928747177124,0.8413235545158386,0.0,0.0,0.0,0.5318957567214966,0.2074975222349167,0.0,0.0,0.0,0.0,0.0
2024-11-10 12:00:00,AL182024,43.0,2024-11-11 06:00:00,18.0,26.71,-90.34,1006.2,30.5,91.74697875976562,0.3408294916152954,0.0,0.0,0.2498642057180404,0.1522519737482071,0.2402731627225875,0.2163321822881698,0.0,0.0,0.0965520441532135,0.0023858256172388,0.0
2024-11-10 12:00:00,AL182024,43.0,2024-11-11 12:00:00,24.0,27.08,-89.9,1005.2,26.8,56.60747146606445,3.556612014770508,2.8631844520568848,0.0,0.7421419024467468,0.3957306146621704,0.9553033709526062,0.5018853545188904,0.2200896441936493,0.083252802491188,0.2067618519067764,0.0690237581729888,0.0
2024-11-10 12:00:00,AL182024,43.0,2024-11-11 18:00:00,30.0,26.51,-89.63,1004.8,28.2,66.98139190673828,13.335311889648438,8.299646377563477,4.600259780883789,8.753920555114746,0.3926471173763275,0.6791603565216064,0.1046618595719337,0.3875856697559356,0.1154196932911872,0.1010085567831993,0.0130837550386786,0.0447101444005966
2024-11-10 12:00:00,AL182024,43.0,2024-11-12 00:00:00,36.0,25.74,-89.52,1007.7,24.8,89.26170349121094,0.0,0.0,0.4008616805076599,0.0,0.0690126344561576,0.0477996468544006,0.0,0.0060372492298483,0.0422673225402832,0.058795116841793,0.0,0.0418922901153564
2024-11-10 12:00:00,AL182024,43.0,2024-11-12 06:00:00,42.0,25.48,-88.98,1008.3,23.8,101.67242431640624,0.8937035202980042,0.979423463344574,0.0,0.1061209887266159,0.0,0.1737733036279678,0.0,0.0,0.0863457694649696,0.0812330320477485,0.0,0.0113150626420974
2024-11-10 12:00:00,AL182024,43.0,2024-11-12 12:00:00,48.0,25.35,-89.34,1007.3,24.2,66.00157165527344,2.6608550548553467,0.7393184900283813,0.0,2.1603896617889404,0.6629391312599182,0.8049550652503967,0.2706523537635803,0.4232907891273498,0.0386800020933151,0.2104447931051254,0.0576683171093463,0.115457683801651
2024-11-10 12:00:00,AL182024,43.0,2024-11-12 18:00:00,54.0,25.55,-90.08,1010.7,22.9,135.96304321289062,2.1984338760375977,0.3352838158607483,1.2109371423721311,0.0,0.0,0.1222739443182945,0.0,0.0,0.0961508601903915,0.1314283013343811,0.0,0.0925157144665718
2024-11-10 12:00:00,AL182024,43.0,2024-11-13 00:00:00,60.0,26.32,-90.7,1009.0,21.3,97.39920806884766,0.0,1.005565166473389,3.0758426189422607,0.0129380254074931,0.0,0.0,0.0,0.0,0.0594134889543056,0.2029748857021331,0.0,0.1517403572797775
2024-11-10 12:00:00,AL182024,43.0,2024-11-13 06:00:00,66.0,26.36,-91.1,1006.3,26.3,87.3764419555664,0.0,0.0,0.0,0.0,0.5117679834365845,0.1497143059968948,0.0,0.0,0.0,0.1873634308576584,0.0,0.0501574389636516
2024-11-10 12:00:00,AL182024,44.0,2024-11-10 12:00:00,0.0,26.1,-91.9,1003.0,35.0,222.23991910466944,222.23991910466944,0.0,0.0,0.0,,,,,,,,
2024-11-10 12:00:00,AL182024,44.0,2024-11-10 18:00:00,6.0,26.34,-90.99,1006.7,31.7,126.10559844970705,0.0,1.0567554235458374,0.0,0.0,0.0,0.0480412356555461,0.0,0.0,0.0,0.0,0.0,0.0
2024-11-10 12:00:00,AL182024,44.0,2024-11-11 00:00:00,12.0,26.54,-90.61,1008.1,31.9,158.53140258789062,4.806601524353027,2.483464002609253,0.0,1.5568888187408447,0.0,0.3021199107170105,0.0964445769786834,0.0,0.0464049018919467,0.0097209559753537,0.0023489284794777,0.0
2024-11-10 12:00:00,AL182024,44.0,2024-11-11 06:00:00,18.0,26.33,-89.43,1003.4,28.3,68.46114349365234,0.0,0.0,0.0,0.0,0.0,0.3920980989933014,0.1100083142518997,0.0,0.0,0.0912485420703888,0.095955342054367,0.0
2024-11-10 12:00:00,AL182024,44.0,2024-11-11 12:00:00,24.0,26.7,-89.48,1006.7,29.7,128.30384826660156,1.4986780881881714,1.558006763458252,0.1843213587999344,0.0,0.1487902700901031,0.2722566127777099,0.0,0.1064642742276191,0.1424596309661865,0.0,0.0,0.0748731270432472
2024-11-10 12:00:00,AL182024,44.0,2024-11-11 18:00:00,30.0,26.76,-89.05,1004.3,27.8,56.64957046508789,3.1340718269348145,1.4450856447219849,0.0,0.4745546579360962,0.0,0.5806715488433838,0.0,0.0,0.0,0.1155170798301696,0.0,0.0
2024-11-10 12:00:00,AL182024,44.0,2024-11-12 00:00:00,36.0,26.27,-89.16,1008.2,25.7,113.17991638183594,0.0,0.0,0.0,0.0,0.0,0.1496997028589248,0.0,0.0,0.0,0.0,0.0,0.0
2024-11-10 12:00:00,AL182024,45.0,2024-11-10 12:00:00,0.0,26.1,-91.9,1003.0,35.0,222.23991910466944,222.23991910466944,0.0,0.0,0.0,,,,,,,,
2024-11-10 12:00:00,AL182024,45.0,2024-11-10 18:00:00,6.0,26.36,-90.91,1002.3,31.6,53.76449203491211,3.777639150619507,1.7591302394866943,0.0,0.5987881422042847,0.0,0.5183651447296143,0.0,0.2648189961910248,0.0,0.0221967380493879,0.0,0.0
2024-11-10 12:00:00,AL182024,45.0,2024-11-11 00:00:00,12.0,26.49,-91.27,1007.0,27.4,85.62763214111328,0.0,0.0257845148444175,0.2581243216991424,0.0257580298930406,0.0914154127240181,0.2323826551437378,0.2769260108470917,0.0,0.0,0.0773074403405189,0.0289449598640203,0.0
2024-11-10 12:00:00,AL182024,45.0,2024-11-11 06:00:00,18.0,26.16,-90.6,1006.2,26.0,70.99298095703125,6.1099162101745605,5.909913063049316,3.248564958572388,5.370500087738037,0.2788223922252655,0.8916755318641663,0.2873383462429046,0.1505032479763031,0.0,0.0763536319136619,0.0770223587751388,0.0
2024-11-10 12:00:00,AL182024,45.0,2024-11-11 12:00:00,24.0,26.4,-90.47,1004.2,30.4,56.117431640625,22.7459774017334,18.179712295532227,10.887019157409668,17.274023056030273,0.6296101808547974,0.7918320298194885,0.2049447745084762,0.4298236072063446,0.0736683830618858,0.1004030555486679,0.0,0.0
2024-11-10 12:00:00,AL182024,45.0,2024-11-11 18:00:00,30.0,25.92,-90.39,1004.2,28.6,52.81679153442383,0.7675542235374451,0.0,2.456894397735596,1.6966495513916016,0.3016686737537384,0.0255897082388401,0.0,0.0604392848908901,0.0288991723209619,0.3473437130451202,0.0,0.2014389485120773
2024-11-10 12:00:00,AL182024,45.0,2024-11-12 00:00:00,36.0,24.9,-89.69,1008.7,22.4,78.00658416748047,3.01644253730774,2.6100964546203613,1.419131636619568,1.682306170463562,0.0,0.7907627820968628,0.6140320897102356,0.5321657657623291,0.0,0.2770074009895324,0.224155306816101,0.159439355134964
2024-11-10 12:00:00,AL182024,45.0,2024-11-12 06:00:00,42.0,24.23,-90.84,1005.5,28.0,92.9828872680664,0.2544477581977844,0.0,0.0,1.3480281829833984,0.0062683266587555,0.0,0.0,0.0,0.0,0.0,0.0,0.0
2024-11-10 12:00:00,AL182024,45.0,2024-11-12 12:00:00,48.0,23.74,-91.27,1010.3,21.4,112.3928680419922,0.0,1.23242449760437,0.0,0.0,0.0683942288160324,0.2991092801094055,0.0176361463963985,0.0,0.0017920231912285,0.0648316144943237,0.0,0.0
2024-11-10 12:00:00,AL182024,45.0,2024-11-12 18:00:00,54.0,23.74,-92.02,1010.7,23.9,139.4474334716797,1.2676986455917358,0.0,0.0,0.0,0.0,0.0,0.0,0.0,0.0,0.0,0.0,0.0
2024-11-10 12:00:00,AL182024,45.0,2024-11-13 00:00:00,60.0,23.92,-92.53,1010.8,23.1,141.37969970703125,0.0,0.2649869918823242,1.2281827926635742,0.0,0.0,0.0,0.0,0.0,0.0,0.0,0.0464962422847747,0.0
2024-11-10 12:00:00,AL182024,46.0,2024-11-10 12:00:00,0.0,26.1,-91.9,1003.0,35.0,222.23991910466944,222.23991910466944,0.0,0.0,0.0,,,,,,,,
2024-11-10 12:00:00,AL182024,46.0,2024-11-10 18:00:00,6.0,26.22,-91.4,1006.3,33.9,147.57046508789062,1.7370800971984863,1.9653881788253784,0.0,0.0,0.0,0.0112760737538337,0.0,0.0365450643002986,0.0442266389727592,0.0,0.0,0.0
2024-11-10 12:00:00,AL182024,46.0,2024-11-11 00:00:00,12.0,26.82,-90.82,1005.6,29.0,72.09550476074219,3.754563331604004,3.5018115043640137,0.6383686065673828,0.4457601010799408,0.0,0.3420670330524444,0.0,0.0,0.0877357125282287,0.1542866230010986,0.0810884684324264,0.0
2024-11-10 12:00:00,AL182024,46.0,2024-11-11 06:00:00,18.0,26.94,-90.34,1004.9,27.7,61.205360412597656,0.0,0.0,0.0,0.0,0.0,0.0,0.032220110297203,0.0,0.0,0.0559233538806438,0.0164075549691915,0.0
2024-11-10 12:00:00,AL182024,46.0,2024-11-11 12:00:00,24.0,26.37,-90.06,1009.0,27.4,157.42567443847656,1.1090900897979736,0.0,0.0,0.0,0.0,0.1005005687475204,0.0,0.0,0.0394146814942359,0.0,0.0,0.0
2024-11-10 12:00:00,AL182024,46.0,2024-11-11 18:00:00,30.0,25.93,-89.55,1009.3,25.2,139.35751342773438,1.053128004074097,1.117801547050476,0.0,0.0,0.0722446367144584,0.395812064409256,0.0,0.0,0.0375313535332679,0.1598521023988723,0.0158255491405725,0.0
2024-11-10 12:00:00,AL182024,47.0,2024-11-10 12:00:00,0.0,26.1,-91.9,1003.0,35.0,222.23991910466944,222.23991910466944,0.0,0.0,0.0,,,,,,,,
2024-11-10 12:00:00,AL182024,47.0,2024-11-10 18:00:00,6.0,26.42,-90.85,1003.4,33.5,63.03318786621094,57.27618408203125,48.825927734375,33.47160339355469,41.8222541809082,0.1744248121976852,0.3135053515434265,0.0,0.2913654148578644,0.0070947567000985,0.1534955948591232,0.0750793740153312,0.1015583202242851
2024-11-10 12:00:00,AL182024,47.0,2024-11-11 00:00:00,12.0,26.53,-90.69,1004.1,32.2,65.33937072753906,47.18175506591797,42.643341064453125,30.62908363342285,37.39592361450195,0.5180107951164246,0.6489595770835876,0.3797130584716797,0.2071087062358856,0.0,0.0,0.0,0.0
2024-11-10 12:00:00,AL182024,47.0,2024-11-11 06:00:00,18.0,26.55,-90.38,1004.9,27.0,62.367637634277344,4.237368106842041,3.391037940979004,0.0,3.324292659759521,0.3210642635822296,0.6561408042907715,0.2110628485679626,0.1265244334936142,0.0,0.0,0.0,0.0
2024-11-10 12:00:00,AL182024,47.0,2024-11-11 12:00:00,24.0,26.42,-90.24,1004.8,30.7,70.0238265991211,49.74905014038086,42.1455078125,30.421873092651367,39.32505416870117,0.3741483092308044,0.2543192207813263,0.0,0.0633674189448356,0.1143806502223014,0.109387569129467,0.0,0.0241578575223684
2024-11-10 12:00:00,AL182024,47.0,2024-11-11 18:00:00,30.0,26.23,-90.32,1006.1,26.5,79.68535614013672,0.0,0.0,0.4055779278278351,0.1594971269369125,0.2329813241958618,0.0415198616683483,0.0469739027321338,0.0,0.0045952028594911,0.0944017395377159,0.0155510297045111,0.0
2024-11-10 12:00:00,AL182024,47.0,2024-11-12 00:00:00,36.0,26.05,-89.69,1007.1,22.7,65.27290344238281,0.5545257329940796,1.5701355934143066,1.427998661994934,1.4248802661895752,0.2896493077278137,0.7999290227890015,0.2954187393188476,0.2812917530536651,0.0,0.1818722784519195,0.0962219163775444,0.0875769108533859
2024-11-10 12:00:00,AL182024,48.0,2024-11-10 12:00:00,0.0,26.1,-91.9,1003.0,35.0,222.23991910466944,222.23991910466944,0.0,0.0,0.0,,,,,,,,
2024-11-10 12:00:00,AL182024,48.0,2024-11-10 18:00:00,6.0,26.38,-91.4,1007.5,28.7,127.85767364501952,0.0,0.4567770361900329,0.0,0.0,0.0,0.0021456021349877,0.0,0.0,0.0,0.0093879951164126,0.0,0.0
2024-11-10 12:00:00,AL182024,48.0,2024-11-11 00:00:00,12.0,26.91,-90.9,1007.2,28.3,100.95574188232422,1.242580771446228,2.204931735992432,0.0,0.0019744392484426,0.2994128167629242,0.7199696898460388,0.6544010043144226,0.0,0.0,0.0937233567237854,0.0960435941815376,0.0
2024-11-10 12:00:00,AL182024,49.0,2024-11-10 12:00:00,0.0,26.1,-91.9,1003.0,35.0,222.23991910466944,222.23991910466944,0.0,0.0,0.0,,,,,,,,
2024-11-10 12:00:00,AL182024,49.0,2024-11-10 18:00:00,6.0,26.04,-91.17,1008.7,25.4,139.88803100585938,0.0,0.0,0.0,0.0,0.2683689892292022,0.3517849445343017,0.0,0.0,0.1669386625289917,0.1192246526479721,0.0,0.0
